"COUNTRY","YEAR","URBAN","PERWT","AGE","SEX","EDATTAIN","EDATTAIND","EMPSTAT","EMPSTATD","WGCARE","WGCOGN","WGCOMM","WGHEAR","WGMOBIL","WGVISION"
76,2000,2,13.79,23,1,2,212,1,110,NA,NA,NA,1,1,3
76,2000,2,12.34,23,2,2,212,3,300,NA,NA,NA,1,1,1
76,2000,1,1.23,10,1,1,120,1,110,NA,NA,NA,1,1,1
76,2000,2,11.61,6,2,1,110,0,0,NA,NA,NA,1,1,1
76,2000,2,9.58,34,1,1,130,1,110,NA,NA,NA,1,1,1
76,2000,2,8.97,20,2,2,221,1,110,NA,NA,NA,1,1,1
76,2000,2,9.11,28,2,1,120,1,110,NA,NA,NA,1,1,1
76,2000,2,12.4,17,2,2,212,3,300,NA,NA,NA,1,1,1
76,2000,2,8.44,22,1,3,311,1,110,NA,NA,NA,1,1,1
76,2000,2,12.12,28,1,1,130,1,110,NA,NA,NA,1,1,1
76,2000,2,10.73,57,2,1,120,3,300,NA,NA,NA,2,2,2
76,2000,2,11.25,18,1,3,311,2,200,NA,NA,NA,1,1,1
76,2000,2,8.45,8,1,1,120,0,0,NA,NA,NA,1,1,1
76,2000,1,12.76,17,1,1,120,2,200,NA,NA,NA,1,1,1
76,2000,2,11.25,48,2,2,212,3,300,NA,NA,NA,1,1,2
76,2000,1,3.93,16,2,2,212,2,200,NA,NA,NA,1,1,1
76,2000,2,6.34,24,1,3,311,1,110,NA,NA,NA,1,1,1
76,2000,2,11.22,42,2,3,311,2,200,NA,NA,NA,1,1,1
76,2000,2,10.34,21,1,3,312,3,300,NA,NA,NA,1,1,1
76,2000,2,9.72,10,2,1,120,3,300,NA,NA,NA,1,1,1
76,2000,2,8.74,38,2,1,120,3,300,NA,NA,NA,1,1,1
76,2000,2,4.51,22,2,1,120,3,300,NA,NA,NA,1,1,1
76,2000,2,8.56,35,1,4,400,1,110,NA,NA,NA,1,1,1
76,2000,2,8.29,26,1,1,130,1,110,NA,NA,NA,1,1,1
76,2000,2,4.03,15,2,1,120,1,110,NA,NA,NA,1,1,1
76,2000,2,8.36,18,1,1,120,3,300,NA,NA,NA,1,1,1
76,2000,2,10.11,36,2,3,311,1,110,NA,NA,NA,1,1,2
76,2000,1,9.05,16,1,1,110,3,300,NA,NA,NA,1,1,1
76,2000,1,14.55,50,2,1,110,3,300,NA,NA,NA,1,1,1
76,2000,1,3.2,10,1,1,120,3,300,NA,NA,NA,2,1,1
76,2000,2,7.93,7,1,1,120,0,0,NA,NA,NA,1,1,1
76,2000,2,10.88,7,2,1,120,0,0,NA,NA,NA,1,1,1
76,2000,1,3.93,49,1,1,110,3,300,NA,NA,NA,1,1,1
76,2000,2,10.8,33,1,1,110,3,300,NA,NA,NA,1,1,1
76,2000,1,10.34,43,1,1,120,1,110,NA,NA,NA,1,1,1
76,2000,2,9.05,8,2,1,120,0,0,NA,NA,NA,1,1,1
76,2000,2,5.28,9,1,1,120,0,0,NA,NA,NA,1,1,1
76,2000,2,4.83,46,1,1,110,1,110,NA,NA,NA,1,1,1
76,2000,2,9.71,32,1,1,120,1,110,NA,NA,NA,1,1,1
76,2000,2,9.79,58,2,3,311,3,300,NA,NA,NA,1,1,1
76,2000,1,8.26,29,2,2,212,1,110,NA,NA,NA,1,1,1
76,2000,2,12.13,14,1,2,212,3,300,NA,NA,NA,1,1,1
76,2000,2,6.3,18,1,1,120,3,300,NA,NA,NA,1,1,1
76,2000,2,5.38,25,1,2,212,1,110,NA,NA,NA,1,1,1
76,2000,2,7.31,18,2,3,311,3,300,NA,NA,NA,1,1,1
76,2000,2,10.98,73,2,2,212,3,300,NA,NA,NA,1,1,1
76,2000,2,10.84,16,2,2,212,2,200,NA,NA,NA,1,1,1
76,2000,2,9.37,32,2,1,130,2,200,NA,NA,NA,1,1,1
76,2000,1,4.11,56,1,1,110,1,120,NA,NA,NA,1,1,1
76,2000,2,6.21,16,1,2,212,2,200,NA,NA,NA,1,1,1
76,2000,2,6.88,12,2,1,110,3,300,NA,NA,NA,1,1,1
76,2000,2,11.66,26,1,2,221,1,120,NA,NA,NA,1,1,1
76,2000,2,8.61,4,2,0,0,0,0,NA,NA,NA,1,1,1
76,2000,2,11.51,6,1,1,110,0,0,NA,NA,NA,2,1,1
76,2000,2,8.25,13,2,1,130,3,300,NA,NA,NA,1,1,1
76,2000,2,12.12,26,1,1,130,1,110,NA,NA,NA,1,1,1
76,2000,2,11.64,18,1,2,212,3,300,NA,NA,NA,1,1,1
76,2000,2,9.94,17,1,1,110,1,110,NA,NA,NA,1,1,1
76,2000,2,8.58,16,2,2,212,2,200,NA,NA,NA,1,1,1
76,2000,1,3.95,11,2,1,120,3,300,NA,NA,NA,1,1,1
76,2000,2,10.73,36,2,1,130,1,110,NA,NA,NA,1,1,1
76,2000,2,11.24,21,1,3,311,1,110,NA,NA,NA,1,1,1
76,2000,2,6.3,3,1,0,0,0,0,NA,NA,NA,1,1,1
76,2000,2,3.21,3,1,0,0,0,0,NA,NA,NA,1,1,1
76,2000,2,11.63,37,2,3,312,1,110,NA,NA,NA,1,1,1
76,2000,2,5.32,14,1,2,212,1,110,NA,NA,NA,1,1,1
76,2000,2,11.92,18,1,2,212,2,200,NA,NA,NA,1,1,1
76,2000,1,6.13,67,2,1,110,3,300,NA,NA,NA,1,2,2
76,2000,1,4.89,6,1,1,110,0,0,NA,NA,NA,1,1,1
76,2000,2,13.51,7,1,1,110,0,0,NA,NA,NA,1,1,1
76,2000,1,11.14,14,1,2,212,3,300,NA,NA,NA,1,1,1
76,2000,2,11.2,22,2,1,130,1,110,NA,NA,NA,1,1,1
76,2000,2,12.62,11,2,1,120,3,300,NA,NA,NA,1,1,2
76,2000,1,2.17,11,2,1,110,3,300,NA,NA,NA,1,1,1
76,2000,2,10.01,8,1,1,120,0,0,NA,NA,NA,1,1,1
76,2000,2,10.87,34,1,2,212,1,110,NA,NA,NA,1,1,1
76,2000,2,5.21,13,2,1,110,3,300,NA,NA,NA,1,1,1
76,2000,2,14.53,71,2,3,311,3,300,NA,NA,NA,1,1,1
76,2000,2,9.4,44,1,1,120,3,300,NA,NA,NA,1,1,2
76,2000,2,14.04,21,1,3,311,1,110,NA,NA,NA,1,1,1
76,2000,2,12.04,45,2,3,311,1,110,NA,NA,NA,1,1,1
76,2000,2,12.15,30,1,1,130,1,110,NA,NA,NA,1,1,1
76,2000,2,12.85,19,1,2,212,2,200,NA,NA,NA,1,1,1
76,2000,1,9.72,24,1,2,212,1,110,NA,NA,NA,1,1,1
76,2000,2,4,6,2,1,120,0,0,NA,NA,NA,1,1,1
76,2000,2,13.59,25,2,2,221,3,300,NA,NA,NA,1,1,2
76,2000,2,9.86,29,2,2,221,1,110,NA,NA,NA,1,1,1
76,2000,2,8.79,11,1,1,120,3,300,NA,NA,NA,1,1,2
76,2000,2,8.64,16,1,2,212,1,110,NA,NA,NA,1,1,1
76,2000,2,14.15,13,2,1,130,3,300,NA,NA,NA,1,1,1
76,2000,1,3.02,32,1,1,120,1,110,NA,NA,NA,1,1,1
76,2000,2,5.76,35,2,1,130,1,110,NA,NA,NA,1,1,1
76,2000,1,7.89,13,1,1,110,3,300,NA,NA,NA,1,1,1
76,2000,2,4.78,18,2,2,212,2,200,NA,NA,NA,1,1,1
76,2000,2,7.26,45,1,4,400,1,110,NA,NA,NA,1,1,1
76,2000,2,10.15,19,1,2,212,2,200,NA,NA,NA,1,1,1
76,2000,2,10,10,1,1,120,3,300,NA,NA,NA,1,1,1
76,2000,2,9.29,19,1,3,311,3,300,NA,NA,NA,1,1,1
76,2000,2,11.27,47,2,1,120,3,300,NA,NA,NA,1,1,1
76,2000,2,5.54,34,1,1,120,1,110,NA,NA,NA,1,1,1
76,2010,2,23.79,17,2,2,221,1,110,NA,NA,NA,1,1,1
76,2010,2,4.9,12,2,2,212,3,300,NA,NA,NA,1,1,1
76,2010,2,5.57,16,2,2,212,3,300,NA,NA,NA,1,1,1
76,2010,2,1.77,9,1,1,120,0,0,NA,NA,NA,1,1,1
76,2010,2,10.98,14,2,2,221,3,300,NA,NA,NA,2,1,1
76,2010,2,1.83,75,2,1,110,3,300,NA,NA,NA,1,1,1
76,2010,2,21.18,37,2,3,311,1,110,NA,NA,NA,3,1,1
76,2010,2,19.53,23,2,3,311,1,110,NA,NA,NA,1,1,2
76,2010,2,2.45,62,1,1,110,1,110,NA,NA,NA,1,1,1
76,2010,2,4.95,59,1,1,110,1,110,NA,NA,NA,1,1,3
76,2010,2,9.13,15,2,2,212,1,110,NA,NA,NA,1,1,1
76,2010,2,2.57,7,1,1,120,0,0,NA,NA,NA,1,1,1
76,2010,1,2.74,55,1,1,110,1,110,NA,NA,NA,1,2,3
76,2010,2,10.44,9,1,1,120,0,0,NA,NA,NA,1,1,1
76,2010,2,10.03,62,2,1,120,3,300,NA,NA,NA,1,1,1
76,2010,2,9.63,49,2,2,212,3,300,NA,NA,NA,2,1,3
76,2010,2,3.91,14,2,2,212,3,300,NA,NA,NA,1,1,1
76,2010,2,10.53,31,2,3,311,1,110,NA,NA,NA,2,1,1
76,2010,2,5.64,18,2,2,212,3,300,NA,NA,NA,1,1,1
76,2010,2,10.13,25,1,4,400,1,110,NA,NA,NA,1,1,1
76,2010,1,13.85,11,1,1,120,3,300,NA,NA,NA,1,1,1
76,2010,2,10.07,22,1,3,312,3,300,NA,NA,NA,1,1,1
76,2010,1,11.47,56,2,1,120,1,110,NA,NA,NA,3,2,3
76,2010,2,11.27,56,1,4,400,3,300,NA,NA,NA,1,2,2
76,2010,2,7.83,40,2,1,130,3,300,NA,NA,NA,1,1,3
76,2010,2,6.88,1,1,1,110,0,0,NA,NA,NA,1,1,1
76,2010,1,4.53,23,1,1,130,3,300,NA,NA,NA,1,1,1
76,2010,2,5.85,22,2,2,221,1,110,NA,NA,NA,1,2,1
76,2010,1,9.65,6,1,1,120,0,0,NA,NA,NA,1,1,1
76,2010,2,10.69,49,2,3,312,3,300,NA,NA,NA,2,1,2
76,2010,1,12.07,75,1,1,120,3,300,NA,NA,NA,1,1,3
76,2010,2,8.37,25,2,2,212,1,110,NA,NA,NA,1,1,1
76,2010,2,3.97,13,1,2,212,3,300,NA,NA,NA,1,1,1
76,2010,1,3.42,16,1,2,212,1,110,NA,NA,NA,1,1,1
76,2010,1,3.24,48,2,1,120,3,300,NA,NA,NA,1,2,2
76,2010,2,1,40,2,1,120,3,300,NA,NA,NA,1,3,2
76,2010,2,8.51,16,2,2,221,3,300,NA,NA,NA,1,1,1
76,2010,2,3.15,17,2,2,212,1,110,NA,NA,NA,1,1,1
76,2010,2,14.7,33,2,1,120,1,110,NA,NA,NA,1,1,1
76,2010,2,6.47,14,2,2,212,3,300,NA,NA,NA,1,1,3
76,2010,2,19.41,3,2,1,110,0,0,NA,NA,NA,1,1,1
76,2010,2,11.16,19,1,2,212,1,110,NA,NA,NA,1,1,1
76,2010,2,12.66,32,1,2,212,1,110,NA,NA,NA,1,1,1
76,2010,2,4.11,2,2,1,110,0,0,NA,NA,NA,1,1,1
76,2010,1,6.33,9,2,1,110,0,0,NA,NA,NA,1,1,1
76,2010,2,28.68,31,1,2,212,1,110,NA,NA,NA,1,1,1
76,2010,2,5.02,64,2,2,212,3,300,NA,NA,NA,1,3,1
76,2010,2,3.25,42,2,1,130,1,110,NA,NA,NA,1,1,1
76,2010,2,18.64,13,1,2,212,3,300,NA,NA,NA,1,1,1
76,2010,2,5.15,11,1,1,120,3,300,NA,NA,NA,1,1,1
76,2010,2,10.94,4,1,1,110,0,0,NA,NA,NA,1,1,1
76,2010,2,24.3,16,1,2,212,3,300,NA,NA,NA,1,1,1
76,2010,2,1.94,40,1,1,120,1,110,NA,NA,NA,1,1,1
76,2010,2,9.31,12,1,1,130,3,300,NA,NA,NA,1,1,1
76,2010,1,2.64,61,2,1,130,3,300,NA,NA,NA,1,1,1
76,2010,2,21.35,28,2,4,400,1,110,NA,NA,NA,1,1,1
76,2010,2,11.13,7,2,1,110,0,0,NA,NA,NA,1,1,1
76,2010,2,9.11,29,2,2,221,1,110,NA,NA,NA,1,1,2
76,2010,1,7.07,32,1,1,130,2,200,NA,NA,NA,1,1,1
76,2010,1,5.8,25,2,3,311,3,300,NA,NA,NA,1,1,1
76,2010,1,3.3,37,2,1,110,3,300,NA,NA,NA,2,1,1
76,2010,2,5.55,63,1,1,130,1,110,NA,NA,NA,1,1,1
76,2010,2,3.8,13,1,2,212,3,300,NA,NA,NA,1,1,1
76,2010,2,14.09,20,2,2,212,1,110,NA,NA,NA,1,1,1
76,2010,1,3.67,54,1,2,212,1,110,NA,NA,NA,1,1,2
76,2010,2,10.99,10,2,1,120,3,300,NA,NA,NA,1,1,1
76,2010,2,15.22,9,2,1,130,0,0,NA,NA,NA,1,1,1
76,2010,2,4.48,9,1,1,120,0,0,NA,NA,NA,1,1,2
76,2010,2,2.36,88,2,1,110,3,300,NA,NA,NA,2,1,3
76,2010,2,4.68,43,1,2,221,1,110,NA,NA,NA,1,1,3
76,2010,1,10.33,47,1,2,212,3,300,NA,NA,NA,1,1,1
76,2010,2,11.7,5,2,1,120,0,0,NA,NA,NA,1,1,1
76,2010,1,2.84,57,2,1,110,3,300,NA,NA,NA,2,2,2
76,2010,2,5.2,15,1,1,120,3,300,NA,NA,NA,1,1,1
76,2010,1,1.68,12,1,1,130,1,110,NA,NA,NA,1,1,1
76,2010,2,11.88,9,2,1,120,0,0,NA,NA,NA,1,1,1
76,2010,2,15.67,9,1,1,120,0,0,NA,NA,NA,1,1,1
76,2010,2,8.53,31,2,3,312,1,110,NA,NA,NA,1,1,2
76,2010,2,11.76,34,1,2,212,1,110,NA,NA,NA,1,1,1
76,2010,1,3.92,87,1,1,110,3,300,NA,NA,NA,1,1,1
76,2010,2,13.54,12,2,1,130,3,300,NA,NA,NA,1,1,1
76,2010,2,11.64,3,1,1,110,0,0,NA,NA,NA,1,1,1
76,2010,2,3.9,25,2,3,311,3,300,NA,NA,NA,1,1,3
76,2010,2,9.34,22,2,2,212,3,300,NA,NA,NA,1,1,1
76,2010,2,14.02,31,2,4,400,3,300,NA,NA,NA,1,1,1
76,2010,2,7.16,17,1,2,212,3,300,NA,NA,NA,1,1,1
76,2010,2,9.62,29,1,4,400,1,110,NA,NA,NA,1,1,1
76,2010,2,5.17,29,1,3,311,3,300,NA,NA,NA,1,1,1
76,2010,2,4.33,32,2,4,400,1,110,NA,NA,NA,1,1,1
76,2010,2,9.29,10,2,1,130,3,300,NA,NA,NA,1,1,1
76,2010,2,20.13,12,1,1,130,3,300,NA,NA,NA,1,1,1
76,2010,1,2.28,45,1,2,212,1,110,NA,NA,NA,1,1,1
76,2010,2,5.57,29,1,2,221,1,110,NA,NA,NA,1,1,1
76,2010,2,8.39,11,1,1,110,3,300,NA,NA,NA,1,1,1
76,2010,2,10.92,18,1,2,212,3,300,NA,NA,NA,1,1,1
76,2010,1,5.24,22,1,2,221,1,110,NA,NA,NA,1,1,1
76,2010,2,4.91,0,2,1,110,0,0,NA,NA,NA,1,1,1
76,2010,2,9.78,11,2,1,130,1,110,NA,NA,NA,1,1,1
76,2010,2,13.12,51,2,2,212,3,300,NA,NA,NA,1,2,1
76,2010,2,4.58,17,1,2,221,3,300,NA,NA,NA,1,1,1
104,2014,1,10.02,45,1,1,110,1,110,NA,1,NA,1,1,1
104,2014,1,9.97,2,1,0,0,0,0,NA,1,NA,1,1,1
104,2014,1,10.07,10,2,2,211,3,330,NA,1,NA,1,1,1
104,2014,1,9.95,6,2,1,120,0,0,NA,1,NA,1,1,1
104,2014,1,10.04,13,1,2,211,3,330,NA,1,NA,1,1,1
104,2014,1,10,45,2,1,110,3,310,NA,1,NA,1,1,1
104,2014,1,9.87,33,2,2,211,1,110,NA,1,NA,1,1,1
104,2014,9,9.5,85,2,1,120,3,343,NA,4,NA,2,4,1
104,2014,2,10.05,18,1,2,211,2,200,NA,1,NA,1,1,1
104,2014,9,9.48,19,2,3,312,3,330,NA,1,NA,1,1,1
104,2014,1,9.96,62,1,1,120,1,110,NA,1,NA,1,1,1
104,2014,1,10.06,60,2,1,110,1,117,NA,1,NA,1,1,1
104,2014,2,9.58,22,2,1,110,3,310,NA,1,NA,1,1,1
104,2014,1,9.97,20,1,2,221,1,117,NA,1,NA,1,1,1
104,2014,2,10.09,18,2,2,221,3,330,NA,1,NA,1,1,1
104,2014,1,10.1,44,1,2,211,1,110,NA,1,NA,1,1,1
104,2014,1,9.93,19,2,2,211,1,110,NA,1,NA,1,1,1
104,2014,1,9.9,19,2,1,120,1,110,NA,1,NA,1,1,1
104,2014,1,10.02,26,2,2,221,1,110,NA,1,NA,1,1,1
104,2014,2,9.12,58,2,2,211,1,110,NA,1,NA,1,1,2
104,2014,1,10.03,18,2,2,211,1,110,NA,1,NA,1,1,1
104,2014,1,9.91,34,2,3,311,3,310,NA,1,NA,1,1,1
104,2014,1,10.01,8,1,1,120,0,0,NA,1,NA,1,1,1
104,2014,1,9.99,12,2,1,120,3,330,NA,1,NA,1,1,1
104,2014,1,9.93,12,2,2,211,3,330,NA,1,NA,1,1,1
104,2014,2,9.93,12,1,1,120,1,117,NA,1,NA,1,1,1
104,2014,1,9.85,10,1,1,120,3,330,NA,1,NA,1,1,1
104,2014,1,9.96,48,1,1,110,1,110,NA,1,NA,1,1,1
104,2014,2,10.08,80,2,1,110,3,343,NA,1,NA,1,1,1
104,2014,2,9.34,12,1,1,110,1,110,NA,1,NA,1,1,1
104,2014,2,9.88,65,2,3,311,3,343,NA,1,NA,1,1,1
104,2014,1,9.92,39,2,2,211,1,110,NA,1,NA,1,1,1
104,2014,1,10.02,44,2,2,221,1,110,NA,1,NA,1,1,1
104,2014,2,10,59,2,2,211,1,110,NA,1,NA,1,1,1
104,2014,1,9.98,37,1,2,211,1,110,NA,1,NA,1,1,1
104,2014,1,9.95,49,1,2,211,1,110,NA,1,NA,1,1,1
104,2014,2,9.93,41,1,9,999,1,110,NA,1,NA,1,1,1
104,2014,1,9.85,29,2,3,311,1,110,NA,1,NA,1,1,1
104,2014,1,10.03,44,1,2,211,1,110,NA,1,NA,1,1,1
104,2014,1,10.05,35,1,2,211,1,110,NA,1,NA,1,1,1
104,2014,1,10,2,2,0,0,0,0,NA,1,NA,1,1,1
104,2014,1,9.98,70,1,1,120,1,110,NA,1,NA,1,1,2
104,2014,2,10.12,22,2,2,211,1,117,NA,1,NA,1,1,1
104,2014,9,7.89,38,1,4,400,1,110,NA,1,NA,1,1,1
104,2014,9,10.24,31,1,2,211,1,110,NA,1,NA,1,1,1
104,2014,1,9.96,12,2,2,211,3,330,NA,1,NA,1,1,1
104,2014,1,10,39,2,1,120,1,117,NA,1,NA,1,1,1
104,2014,1,9.96,39,2,2,211,3,310,NA,1,NA,1,1,1
104,2014,1,10.11,16,2,2,211,1,110,NA,1,NA,1,1,1
104,2014,1,9.91,16,1,2,221,3,330,NA,1,NA,1,1,1
104,2014,1,9.95,27,2,1,110,3,310,NA,1,NA,1,1,1
104,2014,1,10.07,36,2,2,221,3,310,NA,1,NA,1,1,1
104,2014,2,10.2,42,2,2,221,1,110,NA,1,NA,1,1,1
104,2014,1,10.11,11,1,1,120,3,330,NA,1,NA,1,1,1
104,2014,1,9.98,44,1,1,110,1,110,NA,1,NA,1,1,1
104,2014,9,10.14,2,1,0,0,0,0,NA,1,NA,1,1,1
104,2014,1,9.76,49,1,1,110,1,110,NA,1,NA,1,1,2
104,2014,1,9.89,5,1,1,110,0,0,NA,1,NA,1,1,1
104,2014,1,9.96,12,2,2,211,3,330,NA,1,NA,1,1,1
104,2014,1,9.99,84,2,1,110,3,343,NA,2,NA,3,2,1
104,2014,1,10.04,46,1,2,211,1,110,NA,1,NA,1,1,1
104,2014,1,10.03,5,2,1,110,0,0,NA,1,NA,1,1,1
104,2014,1,9.87,46,1,2,211,1,110,NA,1,NA,1,1,1
104,2014,9,17.87,15,2,2,221,3,330,NA,1,NA,1,1,1
104,2014,1,9.99,14,2,2,221,3,330,NA,1,NA,1,1,1
104,2014,1,9.95,49,1,2,211,1,110,NA,1,NA,1,1,1
104,2014,1,10.14,38,2,2,221,3,310,NA,1,NA,1,1,1
104,2014,1,10.02,10,1,2,211,3,330,NA,1,NA,1,1,1
104,2014,1,9.99,66,1,1,120,1,110,NA,1,NA,1,1,1
104,2014,1,10.04,45,1,1,120,1,110,NA,1,NA,1,1,1
104,2014,1,10.01,15,2,2,221,3,390,NA,1,NA,1,1,1
104,2014,2,10.09,28,2,1,120,1,110,NA,1,NA,1,1,1
104,2014,1,10,16,1,2,221,3,330,NA,1,NA,1,1,1
104,2014,1,9.95,0,2,0,0,0,0,NA,1,NA,1,1,1
104,2014,1,10.04,37,1,2,211,1,110,NA,1,NA,1,1,1
104,2014,2,9.92,10,1,9,999,3,330,NA,1,NA,1,1,1
104,2014,1,9.97,43,1,1,120,1,117,NA,1,NA,1,1,1
104,2014,1,10.02,51,1,1,120,1,110,NA,1,NA,1,1,1
104,2014,1,10.02,12,2,2,211,3,330,NA,1,NA,1,1,1
104,2014,1,10.15,44,1,2,211,1,110,NA,1,NA,1,1,1
104,2014,1,10.01,18,2,2,221,1,117,NA,1,NA,1,1,1
104,2014,1,9.99,5,2,1,110,0,0,NA,1,NA,1,1,1
104,2014,1,9.87,52,2,2,221,1,117,NA,1,NA,1,1,1
104,2014,2,9.97,41,1,2,211,1,110,NA,1,NA,1,1,1
104,2014,2,9.98,53,1,2,211,1,110,NA,1,NA,1,1,1
104,2014,1,9.97,10,1,2,211,3,330,NA,1,NA,1,1,1
104,2014,2,10.02,15,2,2,221,3,330,NA,1,NA,1,1,1
104,2014,1,9.81,7,1,1,120,0,0,NA,1,NA,1,1,1
104,2014,1,10.04,42,1,2,211,1,110,NA,1,NA,1,1,1
104,2014,1,9.58,7,2,1,120,0,0,NA,1,NA,1,1,1
104,2014,1,9.86,37,2,1,120,2,200,NA,1,NA,1,1,1
104,2014,1,9.88,55,2,2,211,3,310,NA,1,NA,1,1,1
104,2014,1,10,9,1,1,120,0,0,NA,1,NA,1,1,1
104,2014,2,10.08,12,1,2,211,3,330,NA,1,NA,1,1,1
104,2014,1,9.98,52,2,2,211,3,310,NA,1,NA,1,1,1
104,2014,1,9.9,9,1,1,120,0,0,NA,1,NA,1,1,1
104,2014,1,10.07,31,1,4,400,1,110,NA,1,NA,1,1,1
104,2014,2,10.09,39,1,2,211,1,110,NA,1,NA,1,1,1
104,2014,1,9.76,25,2,2,221,1,117,NA,1,NA,1,1,1
104,2014,1,10,21,2,3,311,1,110,NA,1,NA,1,1,1
360,2010,1,10,3,2,0,0,0,0,1,1,NA,1,1,1
360,2010,1,10,1,2,0,0,0,0,1,1,NA,1,1,1
360,2010,1,10,36,2,2,212,3,300,1,1,NA,1,1,1
360,2010,2,10,28,2,4,400,2,200,1,1,NA,1,1,1
360,2010,1,10,23,2,2,212,3,300,1,1,NA,1,1,1
360,2010,1,10,25,2,2,212,2,240,1,1,NA,1,1,1
360,2010,1,10,22,2,2,221,1,110,1,1,NA,1,1,1
360,2010,1,10,51,2,2,212,3,300,1,1,NA,1,1,1
360,2010,1,10,9,1,1,120,0,0,1,1,NA,1,1,1
360,2010,1,10,61,2,1,110,1,110,1,1,NA,2,1,2
360,2010,2,10,13,1,2,221,3,300,1,1,NA,1,1,1
360,2010,2,10,21,1,3,321,1,110,1,1,NA,1,1,1
360,2010,2,10,14,2,2,221,3,300,1,1,NA,1,1,1
360,2010,1,10,35,1,2,212,1,110,1,1,NA,1,1,1
360,2010,1,10,66,2,1,110,3,300,1,1,NA,1,1,1
360,2010,2,10,4,1,0,0,0,0,2,1,NA,1,1,1
360,2010,1,10,32,2,2,212,1,110,1,1,NA,1,1,1
360,2010,1,10,46,1,1,120,1,110,1,1,NA,1,1,1
360,2010,1,10,15,1,2,221,3,300,1,1,NA,1,1,1
360,2010,2,10,24,2,2,212,3,300,1,1,NA,1,1,1
360,2010,1,10,50,2,1,110,2,240,1,4,NA,2,1,1
360,2010,1,10,47,2,2,212,1,110,1,1,NA,1,1,1
360,2010,2,10,49,2,2,212,2,240,1,1,NA,1,1,1
360,2010,1,10,36,2,2,212,1,110,1,1,NA,1,1,1
360,2010,2,10,26,2,2,212,3,300,1,1,NA,1,1,1
360,2010,1,10,80,2,2,212,1,110,1,1,NA,1,1,2
360,2010,1,10,65,1,2,212,1,110,1,1,NA,1,1,1
360,2010,2,10,17,1,2,221,3,300,1,1,NA,1,1,1
360,2010,2,10,1,1,0,0,0,0,1,1,NA,1,1,1
360,2010,2,10,46,1,4,400,1,110,1,1,NA,1,1,1
360,2010,2,10,17,2,3,311,2,200,1,1,NA,1,1,1
360,2010,2,10,7,1,1,120,0,0,1,1,NA,1,1,1
360,2010,2,10,10,1,1,120,3,300,1,1,NA,1,1,1
360,2010,1,10,33,1,1,110,1,110,1,1,NA,1,1,1
360,2010,1,10,30,2,1,120,3,300,1,1,NA,1,1,1
360,2010,2,10,54,1,2,212,1,110,1,1,NA,1,1,1
360,2010,2,10,5,1,1,110,0,0,1,1,NA,1,1,1
360,2010,2,10,4,2,0,0,0,0,1,1,NA,1,1,1
360,2010,1,10,9,2,1,120,0,0,1,1,NA,1,1,1
360,2010,1,10,9,2,1,120,0,0,1,1,NA,1,1,1
360,2010,1,10,7,1,1,120,0,0,1,1,NA,1,1,1
360,2010,1,10,20,1,2,212,3,300,1,1,NA,1,1,1
360,2010,2,10,36,1,3,311,1,110,1,1,NA,1,1,1
360,2010,2,10,5,2,1,120,0,0,1,1,NA,1,1,1
360,2010,2,10,20,2,2,221,3,300,1,1,NA,1,1,1
360,2010,2,10,10,2,1,120,3,300,1,1,NA,1,1,1
360,2010,1,10,44,2,3,311,1,110,1,1,NA,1,1,1
360,2010,1,10,45,1,2,221,1,110,1,1,NA,1,1,1
360,2010,2,10,46,2,3,311,3,300,1,1,NA,1,1,1
360,2010,2,10,52,1,2,212,2,240,1,1,NA,1,1,2
360,2010,2,10,51,1,2,221,1,110,1,1,NA,1,1,1
360,2010,1,10,48,1,2,212,1,110,1,1,NA,1,1,1
360,2010,1,10,15,1,2,212,3,300,1,1,NA,1,1,1
360,2010,2,10,36,2,3,321,1,110,1,1,NA,1,1,1
360,2010,2,10,24,1,3,321,1,110,1,1,NA,1,1,1
360,2010,1,10,41,1,1,120,1,110,1,1,NA,1,1,1
360,2010,2,10,7,1,1,120,0,0,1,1,NA,1,1,1
360,2010,2,10,14,1,2,221,3,300,1,1,NA,1,1,1
360,2010,1,10,76,1,4,400,3,300,2,1,NA,1,4,2
360,2010,2,10,26,2,4,400,1,110,1,1,NA,1,1,1
360,2010,1,10,14,1,2,212,3,300,1,1,NA,1,1,1
360,2010,1,10,24,1,2,212,1,110,1,1,NA,1,1,1
360,2010,2,10,72,2,1,120,1,120,1,1,NA,1,1,1
360,2010,2,10,48,1,4,400,1,110,1,1,NA,1,1,1
360,2010,1,10,34,2,2,212,1,110,1,1,NA,1,1,1
360,2010,1,10,10,2,1,120,3,300,1,1,NA,1,1,1
360,2010,1,10,39,2,3,311,1,110,1,1,NA,1,1,1
360,2010,1,10,52,2,2,212,1,110,1,1,NA,1,1,1
360,2010,1,10,23,1,3,311,1,110,1,1,NA,1,1,1
360,2010,1,10,6,2,1,110,0,0,1,1,NA,1,1,1
360,2010,2,10,4,2,0,0,0,0,1,1,NA,1,1,1
360,2010,1,10,0,2,0,0,0,0,1,1,NA,1,1,1
360,2010,1,10,17,1,1,120,3,300,1,1,NA,1,1,1
360,2010,2,10,40,1,3,311,1,110,1,1,NA,1,1,1
360,2010,1,10,37,1,2,221,1,110,1,1,NA,1,1,1
360,2010,1,10,60,1,1,110,1,110,1,1,NA,1,1,1
360,2010,2,10,7,2,1,120,0,0,1,1,NA,1,1,1
360,2010,1,10,23,1,2,221,1,110,1,1,NA,1,1,1
360,2010,2,10,2,2,0,0,0,0,1,1,NA,1,1,1
360,2010,2,10,26,1,2,212,1,110,1,1,NA,1,1,1
360,2010,2,10,45,2,2,212,1,120,1,1,NA,1,1,1
360,2010,1,10,11,2,1,120,3,300,1,1,NA,1,1,1
360,2010,2,10,56,2,2,212,3,300,1,1,NA,1,1,1
360,2010,2,10,16,2,2,221,3,300,1,1,NA,1,1,1
360,2010,1,10,22,2,2,212,2,240,1,1,NA,1,1,1
360,2010,2,10,60,2,2,212,3,300,1,1,NA,1,1,1
360,2010,1,10,12,2,2,212,2,240,1,1,NA,1,1,1
360,2010,2,10,18,1,2,221,1,110,1,1,NA,1,1,1
360,2010,2,10,36,1,2,212,1,110,1,1,NA,1,1,1
360,2010,2,10,33,1,3,311,1,110,1,1,NA,1,1,1
360,2010,2,10,12,2,1,120,3,300,1,1,NA,1,1,1
360,2010,1,10,10,2,1,120,3,300,1,1,NA,1,1,1
360,2010,1,10,1,2,0,0,0,0,1,1,NA,1,1,1
360,2010,1,10,32,2,3,311,1,110,1,1,NA,1,1,1
360,2010,1,10,55,1,3,311,1,110,1,1,NA,1,1,1
360,2010,2,10,19,1,1,110,3,300,1,4,NA,4,1,1
360,2010,2,10,31,1,2,212,1,110,1,1,NA,1,1,1
360,2010,1,10,21,1,2,212,1,110,1,1,NA,1,1,1
360,2010,1,10,17,2,2,221,3,300,1,1,NA,1,1,1
360,2010,1,10,74,2,1,110,3,300,1,1,NA,2,1,1
480,2011,1,10,33,2,2,221,3,390,1,1,1,1,1,1
480,2011,2,10,13,2,2,212,3,330,1,1,1,1,1,1
480,2011,2,10,31,2,2,212,1,110,1,1,1,1,1,1
480,2011,2,10,48,1,3,322,1,110,1,1,1,1,1,1
480,2011,1,10,65,1,2,212,1,110,1,1,1,1,1,1
480,2011,2,10,24,2,3,312,1,110,1,1,1,1,1,1
480,2011,1,10,6,2,1,120,0,0,1,1,1,1,1,1
480,2011,2,10,20,2,2,221,1,110,1,1,1,1,1,1
480,2011,2,10,44,1,9,999,9,999,8,8,8,8,8,8
480,2011,1,10,8,1,1,120,0,0,1,1,1,1,1,1
480,2011,2,10,41,1,2,212,1,110,1,1,1,1,1,1
480,2011,1,10,31,2,2,212,3,310,1,1,1,1,1,1
480,2011,2,10,13,2,2,212,3,330,1,1,1,1,1,1
480,2011,1,10,1,1,0,0,0,0,1,1,1,1,1,1
480,2011,2,10,39,2,2,212,3,310,1,1,1,1,1,1
480,2011,1,10,23,2,1,120,3,310,1,1,1,1,1,1
480,2011,1,10,51,2,1,120,1,110,1,1,1,1,1,1
480,2011,1,10,60,2,1,120,3,310,1,1,1,1,1,1
480,2011,2,10,28,2,2,221,1,110,1,1,1,1,1,1
480,2011,1,10,55,2,2,212,3,320,1,1,1,1,1,1
480,2011,1,10,16,2,2,221,3,330,1,1,1,1,1,1
480,2011,2,10,17,1,2,222,2,220,1,1,1,1,1,1
480,2011,2,10,8,1,1,120,0,0,1,1,1,1,1,1
480,2011,1,10,2,2,1,110,0,0,1,1,1,1,1,1
480,2011,1,10,28,1,2,212,1,110,1,1,1,1,1,1
480,2011,2,10,58,1,2,221,9,999,1,1,1,1,1,1
480,2011,1,10,24,1,3,312,3,330,1,1,1,1,1,1
480,2011,2,10,58,1,2,221,1,110,1,1,1,1,1,1
480,2011,2,10,53,1,1,120,3,320,1,1,1,1,1,1
480,2011,1,10,32,1,2,212,3,320,2,1,1,1,1,1
480,2011,1,10,57,2,2,221,3,330,1,1,1,1,1,1
480,2011,1,10,10,2,1,120,0,0,1,1,1,1,1,1
480,2011,1,10,37,2,2,212,1,110,1,1,1,1,1,1
480,2011,1,10,12,2,1,120,3,330,1,1,1,1,1,1
480,2011,1,10,46,1,2,221,1,110,1,1,1,1,1,1
480,2011,1,10,34,1,2,221,1,110,1,1,1,1,1,1
480,2011,2,10,5,1,1,110,0,0,1,1,1,1,1,1
480,2011,1,10,36,2,2,221,3,310,1,1,1,1,1,1
480,2011,1,10,6,1,1,120,0,0,1,1,1,1,1,1
480,2011,1,10,14,1,2,212,3,330,1,1,1,1,1,1
480,2011,2,10,19,1,2,212,1,110,1,1,1,1,1,1
480,2011,1,10,73,2,1,110,3,344,1,1,1,1,1,1
480,2011,2,10,37,1,4,400,1,110,1,1,1,1,1,1
480,2011,2,10,12,2,2,212,3,330,1,1,1,1,1,1
480,2011,2,10,59,1,2,212,1,110,1,1,1,1,1,1
480,2011,1,10,2,2,1,110,0,0,1,1,1,1,1,1
480,2011,2,10,77,1,3,322,3,344,1,1,1,1,1,1
480,2011,2,10,18,1,3,322,2,210,1,1,1,1,1,1
480,2011,1,10,61,1,3,322,1,110,1,1,1,1,1,1
480,2011,1,10,2,2,1,110,0,0,1,1,1,1,1,1
480,2011,1,10,11,2,1,120,0,0,1,1,1,1,1,1
480,2011,1,10,45,1,2,212,1,110,1,1,1,1,1,1
480,2011,1,10,19,2,2,221,2,240,1,1,1,1,1,1
480,2011,2,10,72,2,2,212,3,310,1,1,1,2,1,1
480,2011,1,10,19,1,3,312,9,999,1,1,1,1,1,1
480,2011,1,10,58,1,2,212,1,110,1,1,1,1,1,1
480,2011,1,10,0,2,0,0,0,0,1,1,1,1,1,1
480,2011,2,10,21,1,2,221,2,220,1,1,1,1,1,1
480,2011,2,10,62,2,9,999,3,310,1,1,1,1,1,1
480,2011,2,10,2,1,1,110,0,0,1,1,1,1,1,1
480,2011,1,10,16,2,2,221,3,330,1,1,1,1,1,1
480,2011,1,10,68,2,1,110,3,310,1,1,1,1,1,1
480,2011,2,10,6,1,1,120,0,0,1,1,1,1,1,1
480,2011,2,10,71,2,1,120,3,310,1,1,1,1,1,1
480,2011,2,10,53,1,2,212,1,110,1,1,1,1,1,1
480,2011,1,10,47,2,2,212,1,110,1,1,1,1,1,1
480,2011,2,10,57,2,3,322,3,344,1,1,1,1,1,1
480,2011,1,10,12,2,2,212,3,330,1,1,1,1,1,1
480,2011,1,10,35,1,2,221,1,110,1,1,1,1,1,1
480,2011,2,10,35,1,3,321,1,110,1,1,1,1,1,1
480,2011,1,10,12,1,2,212,3,330,1,1,1,1,1,1
480,2011,1,10,43,2,2,212,3,310,1,1,1,1,1,1
480,2011,1,10,18,1,2,221,3,330,1,1,1,1,1,1
480,2011,1,10,59,2,1,110,1,110,1,1,1,1,1,1
480,2011,1,10,39,2,2,221,3,310,1,1,1,1,1,1
480,2011,1,10,30,1,2,212,1,110,1,1,1,1,1,1
480,2011,1,10,23,1,9,999,9,999,1,1,1,1,1,1
480,2011,1,10,10,2,1,120,0,0,1,1,1,1,1,1
480,2011,1,10,55,2,2,221,1,110,1,1,1,1,1,1
480,2011,2,10,43,2,4,400,3,310,1,1,1,1,1,1
480,2011,1,10,72,1,1,120,1,110,1,1,1,1,1,1
480,2011,1,10,26,1,2,212,1,110,1,1,1,1,1,1
480,2011,2,10,65,2,2,221,3,310,1,1,1,1,1,1
480,2011,1,10,48,1,1,120,1,110,1,1,1,1,1,1
480,2011,2,10,27,2,1,120,1,110,1,1,1,1,1,1
480,2011,1,10,10,1,1,120,0,0,1,1,1,1,1,1
480,2011,1,10,11,2,1,120,0,0,1,1,1,1,1,1
480,2011,1,10,12,2,2,212,3,330,1,1,1,1,1,1
480,2011,2,10,9,2,1,120,0,0,1,1,1,1,1,1
480,2011,1,10,48,1,3,321,1,110,2,1,1,1,1,1
480,2011,1,10,44,1,2,221,1,110,1,1,1,1,1,1
480,2011,1,10,18,2,3,311,3,330,1,1,1,1,1,1
480,2011,2,10,61,1,3,312,3,344,1,1,1,1,1,1
480,2011,2,10,36,1,3,321,1,110,1,1,1,1,1,1
480,2011,2,10,54,1,1,120,1,110,1,1,1,1,1,1
480,2011,1,10,29,1,2,221,1,110,1,1,1,1,1,1
480,2011,2,10,69,2,3,322,3,344,1,1,1,1,1,1
480,2011,2,10,44,1,3,312,1,110,1,1,1,1,1,1
480,2011,1,10,32,1,2,221,1,110,1,1,1,1,1,1
480,2011,2,10,51,1,4,400,1,110,1,1,1,1,1,1
504,2014,2,10,42,2,4,400,3,310,1,1,1,1,1,1
504,2014,2,10,21,1,2,212,1,100,1,1,1,1,1,1
504,2014,2,10,47,2,1,110,3,310,1,1,1,1,1,1
504,2014,2,10,42,1,2,212,1,100,1,1,1,1,1,1
504,2014,2,10,52,1,2,221,3,390,1,1,1,1,1,1
504,2014,2,10,12,2,2,212,3,330,1,1,1,1,1,1
504,2014,1,10,62,2,1,110,3,390,1,1,1,1,1,1
504,2014,2,10,999,2,4,400,3,390,1,1,1,1,1,1
504,2014,2,10,37,2,1,110,3,310,1,1,1,1,1,1
504,2014,2,10,23,1,3,311,2,220,1,1,1,1,1,1
504,2014,2,10,18,2,2,221,3,330,1,1,1,1,1,1
504,2014,2,10,57,2,1,110,3,310,1,1,1,1,1,1
504,2014,2,10,47,2,1,120,3,310,1,1,1,1,1,1
504,2014,2,10,19,1,2,212,3,330,1,1,1,1,1,1
504,2014,2,10,62,1,4,400,3,390,1,1,1,1,1,1
504,2014,2,10,47,2,2,221,3,310,1,1,1,1,1,1
504,2014,2,10,32,2,3,311,1,100,1,1,1,1,1,1
504,2014,2,10,18,1,1,110,3,390,1,1,1,1,1,1
504,2014,2,10,27,1,2,221,1,100,1,1,1,1,1,1
504,2014,1,10,15,2,1,120,3,390,1,1,1,1,1,1
504,2014,1,10,47,2,1,110,3,390,1,1,1,1,1,1
504,2014,1,10,5,2,1,120,3,330,1,1,1,1,1,1
504,2014,2,10,37,1,3,311,1,100,1,1,1,1,1,1
504,2014,1,10,57,1,1,120,1,100,1,1,1,1,1,1
504,2014,2,10,47,1,1,110,1,100,1,1,1,1,1,1
504,2014,9,10,4,1,1,110,3,390,1,1,1,1,1,1
504,2014,2,10,6,1,1,110,3,390,1,1,1,1,1,1
504,2014,1,10,42,2,1,110,3,310,1,1,1,1,1,1
504,2014,1,10,27,1,1,110,1,100,1,1,1,1,1,1
504,2014,2,10,27,2,1,110,3,310,1,1,1,1,1,1
504,2014,1,10,2,1,1,110,3,390,1,1,1,1,1,1
504,2014,1,10,12,2,1,120,3,330,1,1,1,1,1,1
504,2014,2,10,21,1,3,311,3,330,1,1,1,1,1,1
504,2014,2,10,75,1,1,110,3,390,1,1,1,1,2,2
504,2014,2,10,52,1,1,110,1,100,1,1,1,1,1,1
504,2014,2,10,37,1,4,400,1,100,1,1,1,1,1,1
504,2014,2,10,52,2,1,120,3,310,1,1,1,1,1,1
504,2014,2,10,27,2,1,120,3,390,1,1,1,1,1,1
504,2014,1,10,47,1,1,110,1,100,1,1,1,1,1,1
504,2014,2,10,19,1,1,120,1,100,1,1,1,1,1,1
504,2014,1,10,1,2,1,110,3,390,1,1,1,1,1,1
504,2014,2,10,19,2,3,312,3,330,1,1,1,1,1,1
504,2014,1,10,4,1,1,110,3,390,1,1,1,1,1,1
504,2014,1,10,37,1,1,110,1,100,1,1,1,1,1,1
504,2014,1,10,52,2,1,110,3,310,1,1,1,1,1,1
504,2014,2,10,7,1,1,120,3,330,1,1,1,1,1,1
504,2014,1,10,6,2,1,110,3,330,1,1,1,1,1,1
504,2014,1,10,17,1,2,221,3,330,1,1,1,1,1,1
504,2014,1,10,9,2,1,120,3,390,1,1,1,1,1,1
504,2014,1,10,12,2,2,212,3,330,1,1,1,1,1,1
504,2014,1,10,2,1,1,110,3,390,1,1,1,1,1,1
504,2014,1,10,0,1,1,110,3,390,1,1,1,1,1,1
504,2014,1,10,18,1,2,212,2,220,1,1,1,1,1,1
504,2014,9,10,14,1,2,212,3,330,1,1,1,1,1,1
504,2014,1,10,32,2,1,110,3,310,1,1,1,1,1,1
504,2014,1,10,14,1,2,212,3,330,1,1,1,1,1,1
504,2014,2,10,47,2,2,221,3,310,1,1,1,1,1,1
504,2014,1,10,42,1,1,110,1,100,1,1,1,1,1,1
504,2014,2,10,62,1,2,221,1,100,1,1,1,1,1,1
504,2014,2,10,14,1,2,212,3,330,1,1,1,1,1,1
504,2014,1,10,2,1,1,110,3,390,1,1,1,1,1,1
504,2014,1,10,14,1,2,212,3,330,1,1,1,1,1,1
504,2014,2,10,52,1,1,120,1,100,1,1,1,1,1,1
504,2014,1,10,9,2,1,120,3,330,1,1,1,1,1,1
504,2014,2,10,19,1,3,312,3,330,1,1,1,1,1,1
504,2014,2,10,24,1,1,120,1,100,1,1,1,1,1,1
504,2014,1,10,42,1,1,110,1,100,1,1,1,1,1,1
504,2014,2,10,2,1,1,110,3,390,4,1,1,1,1,1
504,2014,1,10,37,1,2,212,1,100,1,1,1,1,1,1
504,2014,2,10,6,2,1,110,3,330,1,1,1,1,1,1
504,2014,1,10,32,1,1,110,1,100,1,1,1,1,1,1
504,2014,1,10,75,1,1,110,3,390,1,1,1,2,1,2
504,2014,2,10,9,2,1,120,3,330,1,1,1,1,1,1
504,2014,2,10,47,2,3,311,3,310,1,1,1,1,1,1
504,2014,2,10,15,2,2,221,3,330,1,1,1,1,1,1
504,2014,2,10,37,1,2,221,1,100,1,1,1,1,1,1
504,2014,1,10,57,2,1,110,3,310,1,1,1,1,1,1
504,2014,2,10,75,1,1,110,3,390,1,1,1,1,2,2
504,2014,2,10,4,1,1,110,3,390,1,1,1,1,1,1
504,2014,2,10,37,2,2,221,1,100,1,1,1,1,1,1
504,2014,1,10,42,2,1,110,3,310,1,1,1,1,1,1
504,2014,2,10,24,1,3,311,1,100,1,1,1,1,1,1
504,2014,1,10,13,2,1,110,3,390,1,1,1,1,1,1
504,2014,2,10,13,1,2,212,3,330,1,1,1,1,1,1
504,2014,1,10,62,1,1,110,3,390,1,1,1,1,1,1
504,2014,1,10,37,2,1,110,3,310,1,1,1,1,1,1
504,2014,1,10,21,2,1,120,3,310,1,1,1,1,1,1
504,2014,2,10,22,2,3,311,1,100,1,1,1,1,1,1
504,2014,2,10,23,1,2,212,1,100,1,1,1,1,1,1
504,2014,2,10,32,2,2,212,3,310,1,1,1,1,1,1
504,2014,1,10,62,2,1,110,3,310,1,1,1,1,1,1
504,2014,2,10,27,2,1,120,3,310,1,1,1,1,1,1
504,2014,2,10,47,2,2,221,3,310,1,1,1,1,1,1
504,2014,1,10,47,1,2,221,1,100,1,1,1,1,1,1
504,2014,1,10,32,2,1,110,3,310,1,1,1,1,1,1
504,2014,2,10,47,2,1,120,3,310,1,1,1,1,1,1
504,2014,1,10,37,2,1,120,3,310,1,1,1,1,1,1
504,2014,1,10,42,1,1,110,1,100,1,1,1,1,1,1
504,2014,2,10,32,2,1,110,1,100,1,1,1,1,1,1
504,2014,2,10,13,2,1,120,3,330,1,1,1,1,1,1
686,2013,2,10.03,17,2,2,212,3,330,1,1,1,1,1,1
686,2013,2,10.65,45,2,1,120,1,100,1,1,1,1,1,1
686,2013,2,10.61,0,1,0,0,0,0,9,9,9,9,9,9
686,2013,2,10.61,3,1,1,110,0,0,1,1,1,1,1,1
686,2013,2,10.65,28,2,1,110,3,310,1,1,1,1,1,1
686,2013,2,10.65,64,2,1,110,3,310,1,1,1,1,1,1
686,2013,2,10.03,20,1,1,110,3,390,1,1,1,1,1,1
686,2013,1,10.53,13,1,1,110,3,390,1,1,1,1,1,1
686,2013,1,10.53,16,1,2,212,3,330,1,1,1,1,1,1
686,2013,1,10.53,4,2,1,110,0,0,1,1,1,1,1,1
686,2013,1,10.53,51,1,1,110,2,220,1,1,1,1,1,1
686,2013,2,10.65,46,2,3,312,1,100,1,1,1,1,1,2
686,2013,2,10.65,14,1,2,212,3,330,1,1,1,1,1,1
686,2013,2,10.65,2,1,0,0,0,0,1,1,1,1,1,1
686,2013,2,10.65,3,1,1,110,0,0,1,1,1,1,1,1
686,2013,1,10.53,32,1,1,110,2,220,1,1,1,1,1,1
686,2013,1,10.53,60,1,1,110,2,220,1,1,1,1,1,1
686,2013,1,10.53,3,2,1,110,0,0,1,1,2,1,1,1
686,2013,2,10.61,10,2,1,120,3,330,1,1,1,1,1,1
686,2013,2,10.65,2,1,0,0,0,0,1,1,1,1,1,1
686,2013,1,10.53,12,2,1,120,3,330,1,1,1,1,1,1
686,2013,2,10.65,2,2,0,0,0,0,4,2,2,1,2,1
686,2013,2,10.65,7,1,1,120,3,330,1,1,1,1,1,1
686,2013,2,10.65,19,2,1,120,3,310,1,1,1,1,1,1
686,2013,1,10.53,2,2,0,0,0,0,1,1,1,1,1,1
686,2013,1,10.61,34,2,1,110,3,310,1,1,1,1,1,1
686,2013,1,10.53,11,2,1,110,1,100,1,1,1,1,1,1
686,2013,2,10.65,24,1,1,110,1,100,1,1,1,1,2,2
686,2013,2,10.03,13,2,2,212,3,330,1,1,1,1,1,1
686,2013,2,10.61,25,2,1,120,3,310,1,1,1,1,1,1
686,2013,2,10,47,1,1,110,0,0,9,9,9,9,9,9
686,2013,2,10.65,45,1,3,311,1,100,1,1,1,1,1,1
686,2013,2,10.65,4,1,1,110,0,0,1,1,1,1,1,1
686,2013,1,10.53,17,1,2,212,3,330,1,1,1,1,1,1
686,2013,2,10.61,1,2,0,0,0,0,1,1,1,1,1,1
686,2013,1,10.53,2,2,0,0,0,0,1,1,1,1,1,1
686,2013,1,10.53,12,1,1,120,3,330,1,1,1,1,1,1
686,2013,2,10.65,20,1,1,110,1,100,1,1,1,1,1,1
686,2013,2,10.65,11,2,1,120,3,330,1,1,1,1,1,1
686,2013,2,10.65,37,2,1,110,1,100,1,1,1,2,1,1
686,2013,1,10.53,1,1,0,0,0,0,1,1,1,1,1,1
686,2013,1,10.53,15,1,2,212,3,330,1,1,1,1,1,1
686,2013,1,10.53,21,2,1,110,3,310,1,1,1,1,1,1
686,2013,1,10.53,48,2,1,110,1,100,1,1,1,1,1,1
686,2013,1,10.53,74,2,1,110,3,344,1,1,1,1,2,1
686,2013,2,10.61,25,2,2,212,1,100,2,2,1,3,3,4
686,2013,1,10.53,14,2,1,110,3,330,1,1,1,1,1,1
686,2013,1,10.61,56,1,1,110,1,100,1,1,1,1,1,1
686,2013,2,10.65,26,1,2,212,2,210,1,1,1,1,1,1
686,2013,2,10.65,29,1,2,221,1,100,1,1,1,1,1,1
686,2013,1,10.53,8,2,1,110,3,330,1,1,1,1,1,1
686,2013,2,10.03,0,1,0,0,0,0,9,9,9,9,9,9
686,2013,1,10.61,17,2,0,0,0,0,9,9,9,9,9,9
686,2013,1,10,8,1,1,110,0,0,9,9,9,9,9,9
686,2013,2,10.61,19,1,2,212,3,330,1,1,1,1,1,1
686,2013,2,10.61,38,2,1,110,3,310,1,1,1,1,1,1
686,2013,1,10.61,19,1,1,120,1,100,1,1,1,1,1,1
686,2013,1,10.53,5,1,1,110,0,0,1,1,1,1,1,1
686,2013,2,10.65,26,1,1,110,1,100,1,1,1,1,1,1
686,2013,2,10.65,25,2,2,221,1,100,1,1,1,1,1,1
686,2013,1,10.61,20,2,1,110,3,390,1,1,1,1,1,1
686,2013,1,10.53,31,2,1,120,2,220,1,1,1,1,1,2
686,2013,2,10.61,31,2,2,212,3,310,1,1,1,1,1,1
686,2013,1,10.53,7,2,1,110,3,390,1,1,1,1,1,1
686,2013,2,10.65,61,2,1,110,3,390,1,1,1,1,1,1
686,2013,1,10.53,10,1,1,110,3,330,1,1,1,1,1,1
686,2013,1,10.53,1,1,0,0,0,0,1,1,1,1,1,1
686,2013,2,10.03,25,2,1,110,3,310,1,1,1,1,1,1
686,2013,1,10.53,23,1,2,221,3,330,1,1,1,1,1,1
686,2013,1,10.53,12,1,1,110,3,330,1,1,1,1,1,1
686,2013,1,10.53,4,2,1,110,0,0,1,1,1,1,1,1
686,2013,2,10.61,3,1,1,110,0,0,1,1,1,1,1,1
686,2013,1,10.53,24,1,3,311,3,330,1,1,1,1,1,1
686,2013,1,10.53,4,1,1,110,0,0,1,1,1,1,1,1
686,2013,1,10.61,11,2,1,110,1,100,1,1,1,1,1,1
686,2013,1,10.61,12,2,1,110,3,330,1,1,1,1,1,1
686,2013,1,10.53,11,2,1,120,3,330,1,1,1,1,1,1
686,2013,2,10.65,35,1,3,312,3,330,1,1,1,1,1,1
686,2013,2,10.61,56,2,1,110,3,310,1,1,1,1,1,1
686,2013,1,10.53,40,1,2,212,3,390,1,1,1,1,1,1
686,2013,1,10.53,1,1,0,0,0,0,2,2,2,1,1,1
686,2013,1,10,28,1,1,110,0,0,9,9,9,9,9,9
686,2013,2,10.65,57,2,2,221,1,100,1,1,1,1,1,1
686,2013,1,10.53,26,1,1,110,2,220,1,1,1,1,1,1
686,2013,1,10.53,13,1,1,110,1,100,1,1,1,1,1,4
686,2013,2,10.65,35,1,1,110,1,100,1,1,1,1,1,1
686,2013,2,10.61,50,1,2,212,1,100,1,2,1,1,1,2
686,2013,1,10.53,12,1,1,110,1,100,1,1,1,1,1,1
686,2013,2,10.65,48,2,2,212,1,100,1,1,1,1,1,1
686,2013,1,10.53,56,2,1,110,3,390,1,2,1,2,2,1
686,2013,1,10.53,13,2,1,120,3,330,1,1,1,1,1,1
686,2013,1,10.53,7,2,1,120,3,330,1,1,1,1,1,1
686,2013,1,10.53,36,2,1,110,1,100,1,1,1,1,1,1
686,2013,2,10.65,45,1,1,110,1,100,1,1,1,1,1,1
686,2013,1,10.53,0,2,0,0,0,0,9,9,9,9,9,9
686,2013,1,10.61,40,1,1,110,3,390,1,1,1,1,1,1
686,2013,1,10.53,28,1,1,120,1,100,1,1,1,1,1,1
686,2013,2,10.65,5,1,0,0,0,0,9,9,9,9,9,9
686,2013,2,10.65,27,1,2,212,1,100,1,1,1,1,1,1
686,2013,1,10.53,34,1,1,110,1,100,1,1,1,1,1,1
704,2009,1,3.06,38,1,1,120,1,110,NA,1,NA,1,1,1
704,2009,1,8.13,15,2,2,212,3,330,NA,1,NA,1,1,1
704,2009,1,5.55,11,1,2,212,0,0,NA,1,NA,1,1,1
704,2009,1,7.22,60,1,1,120,1,110,NA,1,NA,1,1,1
704,2009,1,7.8,17,1,3,311,3,330,NA,1,NA,1,1,1
704,2009,2,1.13,48,1,2,221,1,110,NA,1,NA,1,1,1
704,2009,1,1.71,22,1,1,110,1,110,NA,1,NA,1,1,1
704,2009,1,1.46,40,1,1,110,1,110,NA,1,NA,1,1,1
704,2009,1,6.23,67,1,2,221,1,110,NA,1,NA,1,1,1
704,2009,2,11.5,12,1,2,212,0,0,NA,1,NA,1,1,1
704,2009,1,3.98,7,2,1,120,0,0,NA,1,NA,1,1,1
704,2009,2,10.49,52,1,2,221,1,110,NA,1,NA,1,1,1
704,2009,1,13.01,17,1,2,212,1,110,NA,1,NA,1,1,1
704,2009,2,2.51,66,2,2,221,3,310,NA,1,NA,1,1,1
704,2009,1,5.64,38,2,3,312,1,110,NA,1,NA,1,1,1
704,2009,1,9.07,57,1,2,221,1,110,NA,1,NA,1,1,1
704,2009,1,8.41,2,2,0,0,0,0,NA,9,NA,9,9,9
704,2009,1,7.08,43,1,3,311,1,110,NA,1,NA,1,1,1
704,2009,2,4.85,24,1,2,221,1,110,NA,1,NA,1,1,1
704,2009,1,3.9,18,2,3,311,3,330,NA,1,NA,1,1,1
704,2009,1,4.09,37,1,1,120,1,110,NA,1,NA,1,1,1
704,2009,1,9.98,22,2,2,212,1,110,NA,1,NA,1,1,1
704,2009,1,2.95,18,1,2,212,1,110,NA,1,NA,1,1,1
704,2009,1,2.83,43,1,2,221,1,110,NA,1,NA,1,1,1
704,2009,1,5.72,70,2,1,120,1,110,NA,1,NA,1,1,2
704,2009,1,7.31,14,1,2,221,0,0,NA,1,NA,1,1,1
704,2009,1,4.45,17,1,3,311,2,230,NA,1,NA,1,1,1
704,2009,1,5.47,58,2,1,120,1,110,NA,1,NA,1,1,1
704,2009,1,2.85,17,1,2,221,3,330,NA,1,NA,1,1,1
704,2009,1,3.84,11,2,2,212,0,0,NA,1,NA,1,1,1
704,2009,2,4.8,22,2,3,311,1,110,NA,1,NA,1,1,1
704,2009,1,5.18,11,1,2,212,0,0,NA,1,NA,1,1,1
704,2009,1,3.43,7,1,1,120,0,0,NA,1,NA,1,1,1
704,2009,2,8.85,39,1,2,221,1,110,NA,1,NA,1,1,1
704,2009,1,2.67,32,2,1,110,1,110,NA,1,NA,1,1,1
704,2009,1,5.56,21,2,2,212,1,110,NA,1,NA,1,1,1
704,2009,1,3.32,23,1,2,221,1,110,NA,1,NA,1,1,1
704,2009,1,13.62,36,2,2,221,1,110,NA,1,NA,1,1,1
704,2009,1,10.62,26,2,2,212,1,110,NA,1,NA,1,1,1
704,2009,2,2.93,2,1,0,0,0,0,NA,9,NA,9,9,9
704,2009,1,12.35,20,2,2,212,1,110,NA,1,NA,1,1,1
704,2009,1,8.13,40,1,2,221,1,110,NA,1,NA,1,1,1
704,2009,1,11,21,1,3,312,3,330,NA,1,NA,1,1,1
704,2009,2,14.22,49,1,3,311,1,110,NA,1,NA,1,1,1
704,2009,2,3.05,16,1,2,212,1,110,NA,1,NA,1,1,1
704,2009,2,3.43,59,1,1,120,1,110,NA,1,NA,1,1,1
704,2009,1,7.92,63,2,1,120,1,110,NA,1,NA,1,1,1
704,2009,1,2.24,46,2,2,212,1,110,NA,1,NA,1,1,1
704,2009,1,3.96,1,1,0,0,0,0,NA,9,NA,9,9,9
704,2009,1,9.85,22,1,1,120,1,110,NA,1,NA,1,1,1
704,2009,2,3.2,31,1,1,120,1,110,NA,1,NA,1,1,1
704,2009,1,5.04,18,2,2,212,1,110,NA,1,NA,1,1,1
704,2009,2,16.2,46,2,3,311,1,110,NA,1,NA,1,1,1
704,2009,2,17.75,39,2,3,311,3,310,NA,1,NA,1,1,1
704,2009,1,3.17,46,2,2,221,1,110,NA,1,NA,1,1,1
704,2009,1,4.24,19,2,1,120,1,110,NA,1,NA,1,1,1
704,2009,1,3.79,75,1,1,110,3,390,NA,3,NA,3,1,1
704,2009,1,1.9,18,1,3,311,1,110,NA,1,NA,1,1,1
704,2009,1,9.79,7,1,1,120,0,0,NA,1,NA,1,1,1
704,2009,2,6.2,29,2,2,212,1,110,NA,1,NA,1,1,1
704,2009,1,2.78,30,1,2,221,3,330,NA,1,NA,1,1,1
704,2009,1,10.41,69,1,3,311,1,110,NA,1,NA,1,1,1
704,2009,1,5.79,12,2,2,212,0,0,NA,1,NA,1,1,1
704,2009,1,1.66,4,1,0,0,0,0,NA,9,NA,9,9,9
704,2009,2,11.12,21,2,3,312,3,330,NA,1,NA,1,1,1
704,2009,1,1.25,35,2,1,110,1,110,NA,1,NA,1,1,1
704,2009,2,3.24,35,1,2,212,2,230,NA,1,NA,1,1,1
704,2009,1,6.37,54,2,2,212,1,110,NA,1,NA,1,1,1
704,2009,1,1.87,39,1,1,120,1,110,NA,1,NA,1,1,1
704,2009,2,12.87,45,1,2,212,1,110,NA,1,NA,1,1,1
704,2009,1,6.83,24,2,2,212,3,310,NA,1,NA,1,1,1
704,2009,1,4.69,20,2,2,221,3,330,NA,1,NA,1,1,1
704,2009,1,1.86,9,1,1,120,0,0,NA,1,NA,1,1,1
704,2009,2,2.2,12,1,2,212,0,0,NA,1,NA,1,1,1
704,2009,1,1.85,18,2,2,212,1,110,NA,1,NA,1,1,1
704,2009,1,11.18,44,1,2,212,1,110,NA,1,NA,1,1,1
704,2009,1,3.88,21,2,2,212,3,310,NA,1,NA,1,1,1
704,2009,2,1.57,1,2,0,0,0,0,NA,9,NA,9,9,9
704,2009,1,6.12,56,2,2,212,1,110,NA,1,NA,1,1,1
704,2009,1,15.06,33,2,2,221,1,110,NA,1,NA,1,1,1
704,2009,1,4.81,75,2,1,120,3,320,NA,1,NA,2,1,2
704,2009,1,4.63,15,1,2,221,1,110,NA,1,NA,1,1,1
704,2009,2,1.38,7,1,1,120,0,0,NA,1,NA,1,1,1
704,2009,2,29.52,10,1,1,120,0,0,NA,1,NA,1,1,1
704,2009,1,7.05,15,1,2,212,1,110,NA,1,NA,1,1,1
704,2009,1,27.98,33,1,2,212,1,110,NA,1,NA,1,1,1
704,2009,1,4.96,52,1,2,221,1,110,NA,1,NA,1,1,1
704,2009,2,2.09,9,1,1,120,0,0,NA,1,NA,1,1,1
704,2009,1,5.91,46,2,2,221,1,110,NA,1,NA,1,1,1
704,2009,1,2.44,34,1,2,212,1,110,NA,1,NA,1,1,1
704,2009,1,3.41,0,1,0,0,0,0,NA,9,NA,9,9,9
704,2009,1,4.47,45,1,1,120,1,110,NA,1,NA,1,1,1
704,2009,1,5.31,28,1,3,321,1,110,NA,1,NA,1,1,1
704,2009,2,9.87,25,2,4,400,3,390,NA,1,NA,1,1,1
704,2009,1,8.46,52,1,2,221,1,110,NA,1,NA,1,1,1
704,2009,1,4.09,64,2,1,120,1,110,NA,1,NA,1,1,1
704,2009,1,4.76,13,2,2,212,0,0,NA,1,NA,1,1,1
704,2009,1,2.13,34,1,1,120,1,110,NA,1,NA,1,1,1
704,2009,2,5.5,1,2,0,0,0,0,NA,9,NA,9,9,9
704,2009,1,4.89,32,2,1,120,1,110,NA,1,NA,1,1,1
704,2019,2,29.09,1,2,0,0,0,0,9,9,9,9,9,9
704,2019,1,11.54,56,2,3,311,1,110,1,1,1,1,1,1
704,2019,2,10.56,69,1,2,221,3,390,1,1,1,1,1,1
704,2019,2,10.4,51,2,2,221,2,200,1,1,1,1,1,2
704,2019,2,18.39,7,2,1,120,0,0,1,1,1,1,1,1
704,2019,1,8.78,46,1,2,212,1,110,1,1,1,1,1,1
704,2019,2,17.94,18,1,2,221,3,390,1,1,1,1,1,1
704,2019,1,8.67,71,1,2,212,3,390,1,1,1,1,2,1
704,2019,1,7.24,16,2,2,221,3,390,1,1,1,1,1,1
704,2019,1,10.98,39,2,2,221,1,110,1,1,1,1,1,1
704,2019,2,15.5,52,2,2,221,1,110,1,1,1,1,1,1
704,2019,1,6.21,4,1,0,0,0,0,9,9,9,9,9,9
704,2019,1,11.44,45,1,2,212,1,110,1,1,1,1,1,1
704,2019,1,7.27,66,1,1,110,1,110,1,2,2,1,2,1
704,2019,1,7.26,89,2,1,110,3,390,3,2,1,2,2,2
704,2019,1,14.56,56,1,2,221,2,200,1,1,1,1,1,1
704,2019,1,6.93,50,1,3,311,1,110,1,1,1,1,1,1
704,2019,1,5.8,54,1,1,120,1,110,1,1,1,1,1,1
704,2019,1,28.9,14,1,2,212,0,0,1,1,1,1,1,1
704,2019,2,18.31,1,1,0,0,0,0,9,9,9,9,9,9
704,2019,2,25.72,33,2,4,400,1,110,1,1,1,1,1,1
704,2019,1,12.45,1,1,0,0,0,0,9,9,9,9,9,9
704,2019,2,5.54,29,1,4,400,1,110,1,1,1,1,1,1
704,2019,1,9.06,45,1,2,221,1,110,1,1,1,1,1,1
704,2019,1,11.49,57,2,2,221,1,110,1,1,1,1,1,1
704,2019,1,10.29,14,1,2,212,0,0,1,1,1,1,1,1
704,2019,1,10.58,4,2,0,0,0,0,9,9,9,9,9,9
704,2019,2,17.67,74,2,2,221,3,390,1,2,1,1,2,3
704,2019,1,4.03,4,2,0,0,0,0,9,9,9,9,9,9
704,2019,2,6.99,47,2,3,321,1,110,1,1,1,1,1,1
704,2019,1,10.39,54,2,2,221,1,110,1,1,1,1,1,1
704,2019,1,8.61,41,1,1,120,1,110,1,1,1,1,1,1
704,2019,2,15.72,44,2,3,321,1,110,1,1,1,1,1,1
704,2019,1,9.11,42,2,2,212,1,110,1,1,1,1,1,1
704,2019,1,12.66,21,2,3,311,1,110,1,1,1,1,1,1
704,2019,1,12.44,68,2,2,221,3,390,1,2,1,3,1,2
704,2019,2,11.35,21,1,2,221,1,110,1,1,1,1,1,1
704,2019,2,7.14,46,2,2,221,1,110,1,1,1,1,1,1
704,2019,1,5.86,36,1,3,311,1,110,1,1,1,1,1,1
704,2019,1,7.97,41,2,2,221,1,110,1,1,1,1,1,1
704,2019,1,9.11,11,2,1,120,0,0,1,1,1,1,1,1
704,2019,2,14.74,2,1,0,0,0,0,9,9,9,9,9,9
704,2019,1,3.88,3,1,0,0,0,0,9,9,9,9,9,9
704,2019,1,13.12,28,1,3,311,2,200,1,1,1,1,1,1
704,2019,1,5.5,48,2,1,110,1,110,1,1,1,1,1,1
704,2019,1,9.08,0,2,0,0,0,0,9,9,9,9,9,9
704,2019,1,6.42,16,2,2,221,3,390,1,1,1,1,1,1
704,2019,1,27.66,44,2,2,212,3,390,1,1,1,1,1,1
704,2019,1,17.05,5,2,1,110,0,0,1,1,1,1,1,1
704,2019,2,16.4,9,1,1,120,0,0,1,1,1,1,1,1
704,2019,1,6.9,60,1,4,400,1,110,1,1,1,1,1,1
704,2019,1,11.41,54,1,2,221,1,110,1,1,1,1,1,1
704,2019,1,14.73,4,1,0,0,0,0,9,9,9,9,9,9
704,2019,1,4.16,9,1,1,120,0,0,1,1,1,1,1,1
704,2019,1,8.56,67,2,2,221,1,110,1,1,1,1,1,1
704,2019,1,10.38,48,2,3,311,1,110,1,1,1,1,1,1
704,2019,1,12.1,30,1,2,221,1,110,1,1,1,1,1,1
704,2019,1,15.95,7,1,1,120,0,0,1,1,1,1,1,1
704,2019,1,6.99,56,2,1,120,3,390,1,1,1,1,1,1
704,2019,1,7.36,48,2,1,120,1,110,1,1,1,1,1,1
704,2019,1,7.55,10,1,1,120,0,0,1,1,1,1,1,1
704,2019,1,6.53,7,2,1,120,0,0,1,1,1,1,1,1
704,2019,2,13.91,50,1,2,212,1,110,1,1,1,1,1,1
704,2019,1,11.87,2,2,0,0,0,0,9,9,9,9,9,9
704,2019,1,12.06,25,1,2,212,1,110,1,1,1,1,1,1
704,2019,2,11.49,30,2,3,311,1,110,1,1,1,1,1,1
704,2019,2,19.51,33,1,4,400,1,110,1,1,1,1,1,1
704,2019,1,6.97,19,1,3,311,0,0,1,1,1,1,1,1
704,2019,1,5.67,0,1,0,0,0,0,9,9,9,9,9,9
704,2019,1,14.05,11,1,1,110,0,0,3,3,3,2,1,1
704,2019,2,21.14,25,1,2,221,1,110,1,1,1,1,1,1
704,2019,1,9.46,41,1,2,221,1,110,1,1,1,1,1,1
704,2019,1,10.21,16,1,2,221,3,390,1,1,1,1,1,1
704,2019,1,11.11,14,1,2,212,0,0,1,1,1,1,1,1
704,2019,1,10.16,66,2,1,120,3,390,1,1,1,1,1,2
704,2019,1,14.17,0,2,0,0,0,0,9,9,9,9,9,9
704,2019,1,9.67,16,1,2,221,3,390,1,1,1,1,1,1
704,2019,1,7.5,7,2,1,120,0,0,1,1,1,1,1,1
704,2019,1,4.71,9,1,1,120,0,0,1,1,1,1,1,1
704,2019,1,5.14,70,2,1,120,1,110,1,1,1,1,1,1
704,2019,1,9.47,53,2,2,221,1,110,1,1,1,1,1,1
704,2019,1,10.29,17,2,2,221,3,390,1,1,1,1,1,1
704,2019,2,10.43,1,2,0,0,0,0,9,9,9,9,9,9
704,2019,1,10.93,60,1,1,120,1,110,1,1,1,1,1,1
704,2019,2,20.26,14,2,2,212,0,0,1,1,1,1,1,1
704,2019,1,11.16,66,1,1,120,3,390,1,1,1,1,2,1
704,2019,1,8.21,56,1,1,120,1,110,1,1,1,1,1,1
704,2019,2,16.66,44,1,3,311,1,110,1,1,1,1,1,1
704,2019,1,11.31,16,2,1,120,3,390,2,2,2,1,3,2
704,2019,1,12.17,8,2,1,120,0,0,1,1,1,1,1,1
704,2019,1,9.71,54,2,2,212,1,110,1,1,1,1,2,1
704,2019,2,8.18,14,1,2,212,0,0,1,1,1,1,1,1
704,2019,1,20.07,4,1,0,0,0,0,9,9,9,9,9,9
704,2019,2,10.5,35,1,3,311,1,110,1,1,1,1,1,1
704,2019,1,12.09,25,1,3,321,2,200,1,1,1,1,1,1
704,2019,1,11.73,35,1,2,212,1,110,1,1,1,1,1,1
704,2019,2,8.26,15,2,2,212,3,390,1,1,1,1,1,1
704,2019,1,8.84,58,1,1,120,1,110,1,1,1,2,2,2
704,2019,2,10.64,43,2,2,212,1,110,1,1,1,1,1,1
704,2019,1,7.77,31,2,1,120,1,110,1,1,1,1,1,1
710,2016,1,7.8,71,1,2,212,NA,NA,2,2,1,1,2,2
710,2016,2,21.17,3,2,0,0,NA,NA,9,9,9,9,9,9
710,2016,1,14.96,18,2,2,221,NA,NA,1,1,1,1,1,1
710,2016,2,12.85,66,1,1,110,NA,NA,1,1,1,1,1,1
710,2016,2,18.25,35,2,2,221,NA,NA,1,1,1,1,1,1
710,2016,1,7.92,75,2,1,110,NA,NA,1,1,1,1,1,1
710,2016,1,15.73,15,1,2,212,NA,NA,1,1,1,1,1,1
710,2016,2,6.27,34,2,1,110,NA,NA,1,1,1,1,1,1
710,2016,1,15.78,32,1,3,311,NA,NA,1,1,1,1,1,1
710,2016,1,5.01,36,1,3,311,NA,NA,1,1,1,1,1,1
710,2016,2,18.18,31,1,3,311,NA,NA,1,1,1,1,1,1
710,2016,2,16.69,62,2,2,212,NA,NA,1,1,1,1,1,2
710,2016,1,16.49,8,1,1,120,NA,NA,1,1,1,1,1,1
710,2016,1,20.24,2,1,0,0,NA,NA,9,9,9,9,9,9
710,2016,2,1.67,23,2,2,221,NA,NA,1,1,1,2,1,1
710,2016,2,22.74,25,2,3,311,NA,NA,1,1,1,1,1,1
710,2016,1,13.05,7,2,1,120,NA,NA,1,1,1,1,1,1
710,2016,2,14.14,55,2,2,221,NA,NA,1,1,1,1,1,1
710,2016,2,18.93,61,1,3,311,NA,NA,1,1,1,1,1,1
710,2016,2,13.28,78,2,1,120,NA,NA,1,1,1,1,1,3
710,2016,2,10.34,13,2,2,212,NA,NA,1,1,1,1,1,1
710,2016,1,9.7,75,2,2,212,NA,NA,1,1,1,1,3,2
710,2016,2,12.18,40,2,2,221,NA,NA,1,1,1,1,1,2
710,2016,1,14.22,21,2,2,221,NA,NA,1,1,1,1,1,1
710,2016,1,14.84,42,1,3,311,NA,NA,1,1,1,1,1,1
710,2016,2,15.39,49,2,1,120,NA,NA,1,1,1,1,1,1
710,2016,1,18.42,24,1,2,221,NA,NA,1,1,1,1,1,1
710,2016,1,15.21,68,2,1,120,NA,NA,1,1,1,1,1,1
710,2016,2,50.17,21,2,3,311,NA,NA,1,1,1,1,1,1
710,2016,1,11.72,8,2,1,120,NA,NA,1,1,1,1,1,1
710,2016,2,15.9,22,2,3,311,NA,NA,1,1,1,1,1,1
710,2016,2,30,32,2,3,311,NA,NA,1,1,1,1,1,1
710,2016,2,19.02,25,2,2,221,NA,NA,1,1,1,1,1,1
710,2016,2,12.29,21,2,2,221,NA,NA,1,1,1,1,1,1
710,2016,2,21.3,38,1,3,311,NA,NA,1,1,1,1,1,1
710,2016,1,9.54,7,1,1,120,NA,NA,1,1,1,1,1,1
710,2016,1,11.3,12,2,1,120,NA,NA,1,1,1,1,1,1
710,2016,1,23.2,28,1,3,322,NA,NA,1,1,1,1,1,1
710,2016,2,20.43,25,2,2,221,NA,NA,1,1,1,1,1,1
710,2016,2,7.19,81,1,1,120,NA,NA,1,1,1,1,1,1
710,2016,2,13.87,51,1,2,221,NA,NA,1,1,1,1,1,1
710,2016,1,19.12,43,1,3,311,NA,NA,1,1,1,1,1,1
710,2016,1,22.93,4,1,1,110,NA,NA,9,9,9,9,9,9
710,2016,1,18.66,5,2,1,110,NA,NA,1,1,1,1,1,1
710,2016,2,13.73,9,2,1,120,NA,NA,1,1,1,1,1,1
710,2016,2,21.17,39,1,2,221,NA,NA,1,1,1,1,1,1
710,2016,2,13.77,21,2,2,221,NA,NA,1,1,1,1,1,1
710,2016,1,3.83,51,1,2,221,NA,NA,1,1,1,1,1,1
710,2016,1,14.07,3,1,0,0,NA,NA,9,9,9,9,9,9
710,2016,2,3.03,45,2,4,400,NA,NA,1,1,1,1,1,1
710,2016,1,38.6,19,2,3,311,NA,NA,1,1,1,1,1,1
710,2016,1,12.65,10,2,1,120,NA,NA,1,1,1,1,1,1
710,2016,2,16.65,12,2,2,212,NA,NA,1,1,1,1,1,1
710,2016,2,17.2,18,1,2,221,NA,NA,1,1,1,1,1,1
710,2016,1,12.34,7,1,1,110,NA,NA,1,1,1,1,1,1
710,2016,2,14.29,48,1,2,212,NA,NA,1,1,1,1,1,1
710,2016,2,21.87,30,1,3,311,NA,NA,1,1,1,1,1,1
710,2016,2,16.13,57,1,4,400,NA,NA,1,1,1,3,1,1
710,2016,1,14.88,37,2,3,311,NA,NA,1,1,1,1,1,1
710,2016,2,13.55,49,2,9,999,NA,NA,1,1,1,1,1,1
710,2016,2,15.7,28,2,3,311,NA,NA,1,1,1,1,1,1
710,2016,1,23.4,23,1,2,221,NA,NA,1,1,1,1,1,1
710,2016,2,14.31,14,1,1,120,NA,NA,1,1,1,1,1,1
710,2016,1,10.69,5,2,1,110,NA,NA,1,1,1,1,1,1
710,2016,2,15.02,33,2,2,221,NA,NA,1,1,1,1,1,1
710,2016,1,3.2,10,1,1,120,NA,NA,1,1,1,1,1,1
710,2016,1,12.93,41,2,2,221,NA,NA,1,1,1,1,1,1
710,2016,1,12.68,26,2,2,221,NA,NA,1,1,1,1,1,1
710,2016,2,11.28,2,2,0,0,NA,NA,9,9,9,9,9,9
710,2016,1,15.79,3,1,0,0,NA,NA,9,9,9,9,9,9
710,2016,2,14.36,39,1,3,311,NA,NA,1,1,1,1,1,1
710,2016,1,16.11,10,1,1,120,NA,NA,1,1,1,1,1,1
710,2016,2,11.07,51,2,3,311,NA,NA,1,1,1,1,1,1
710,2016,1,19.98,71,1,1,110,NA,NA,1,2,1,2,2,2
710,2016,2,17.85,58,1,3,311,NA,NA,1,1,1,1,1,1
710,2016,1,14.08,20,1,2,221,NA,NA,1,1,3,1,1,1
710,2016,2,20.02,5,2,1,110,NA,NA,1,1,1,1,1,1
710,2016,1,53.58,47,1,1,120,NA,NA,1,1,1,1,1,1
710,2016,2,6.88,76,2,1,110,NA,NA,1,2,1,2,2,1
710,2016,2,11.98,8,2,1,120,NA,NA,1,1,1,1,1,1
710,2016,2,13.32,45,1,3,311,NA,NA,1,1,1,1,1,1
710,2016,2,14.31,10,1,1,120,NA,NA,1,1,1,1,1,1
710,2016,1,12.87,9,2,1,120,NA,NA,1,1,1,1,1,1
710,2016,2,17.78,46,2,1,120,NA,NA,1,1,1,1,1,1
710,2016,1,10.74,54,2,1,110,NA,NA,1,1,1,1,1,1
710,2016,2,17.34,0,1,0,0,NA,NA,9,9,9,9,9,9
710,2016,1,9.16,89,2,1,110,NA,NA,1,1,1,1,1,1
710,2016,2,50.26,79,2,4,400,NA,NA,3,2,1,2,1,2
710,2016,1,17.05,14,2,2,212,NA,NA,1,1,1,1,1,1
710,2016,2,12.5,45,1,2,212,NA,NA,1,1,1,2,1,2
710,2016,1,3.57,62,2,3,311,NA,NA,1,1,1,1,1,1
710,2016,2,13.21,17,2,2,221,NA,NA,1,1,1,1,1,1
710,2016,1,13.86,23,2,2,221,NA,NA,1,1,1,1,1,1
710,2016,2,15.93,14,1,1,120,NA,NA,1,1,1,1,1,1
710,2016,1,21.08,15,1,1,120,NA,NA,1,1,1,1,1,1
710,2016,2,22.01,52,1,2,221,NA,NA,1,1,1,1,1,1
710,2016,1,17.82,1,1,0,0,NA,NA,9,9,9,9,9,9
710,2016,1,13.59,6,2,1,120,NA,NA,1,1,1,1,1,1
710,2016,2,14.82,35,2,2,221,NA,NA,1,1,1,1,1,1
710,2016,2,14.74,71,1,3,311,NA,NA,1,1,1,1,1,3
716,2012,2,20,0,2,0,0,0,0,NA,NA,NA,1,NA,1
716,2012,1,20,9,2,1,120,0,0,NA,NA,NA,1,NA,1
716,2012,2,20,25,1,4,400,1,100,NA,NA,NA,1,NA,1
716,2012,1,20,26,1,2,221,1,100,NA,NA,NA,1,NA,1
716,2012,1,20,5,1,1,110,0,0,NA,NA,NA,1,NA,1
716,2012,1,20,35,2,2,212,1,100,NA,NA,NA,1,NA,1
716,2012,1,20,30,2,2,212,1,100,NA,NA,NA,1,NA,1
716,2012,1,20,46,1,2,221,1,100,NA,NA,NA,1,NA,1
716,2012,2,20,5,1,1,110,0,0,NA,NA,NA,1,NA,1
716,2012,2,20,25,1,3,322,1,100,NA,NA,NA,1,NA,1
716,2012,1,20,18,1,1,120,9,999,NA,NA,NA,1,NA,1
716,2012,2,20,26,2,2,221,2,200,NA,NA,NA,1,NA,1
716,2012,1,20,38,1,2,221,3,310,NA,NA,NA,1,NA,1
716,2012,1,20,2,1,0,0,0,0,NA,NA,NA,1,NA,1
716,2012,1,20,26,2,2,212,2,200,NA,NA,NA,1,NA,1
716,2012,2,20,23,2,2,221,3,310,NA,NA,NA,1,NA,1
716,2012,1,20,55,1,2,212,1,100,NA,NA,NA,1,NA,1
716,2012,1,20,0,2,0,0,0,0,NA,NA,NA,1,NA,1
716,2012,1,20,42,1,2,221,1,100,NA,NA,NA,4,NA,2
716,2012,1,20,49,1,1,120,1,100,NA,NA,NA,1,NA,1
716,2012,1,20,1,2,0,0,0,0,NA,NA,NA,1,NA,1
716,2012,1,20,11,1,1,120,3,330,NA,NA,NA,1,NA,1
716,2012,2,20,3,1,1,110,0,0,NA,NA,NA,1,NA,1
716,2012,2,20,23,1,3,311,1,100,NA,NA,NA,1,NA,1
716,2012,1,20,36,1,1,120,1,100,NA,NA,NA,1,NA,1
716,2012,1,20,7,1,1,120,0,0,NA,NA,NA,1,NA,1
716,2012,1,20,58,1,2,212,1,100,NA,NA,NA,1,NA,1
716,2012,1,20,17,2,2,212,3,330,NA,NA,NA,1,NA,1
716,2012,1,20,8,2,1,120,0,0,NA,NA,NA,1,NA,1
716,2012,2,20,1,1,0,0,0,0,NA,NA,NA,1,NA,1
716,2012,2,20,27,2,2,212,3,310,NA,NA,NA,1,NA,1
716,2012,1,20,13,2,2,212,3,330,NA,NA,NA,1,NA,1
716,2012,2,20,37,1,2,221,1,100,NA,NA,NA,1,NA,1
716,2012,1,20,2,1,0,0,0,0,NA,NA,NA,1,NA,1
716,2012,1,20,13,2,1,120,3,330,NA,NA,NA,1,NA,1
716,2012,2,20,50,1,3,322,1,100,NA,NA,NA,1,NA,1
716,2012,1,20,37,1,2,212,1,100,NA,NA,NA,1,NA,1
716,2012,2,20,27,2,3,311,1,100,NA,NA,NA,1,NA,1
716,2012,1,20,2,1,0,0,0,0,NA,NA,NA,1,NA,1
716,2012,1,20,25,1,2,221,1,100,NA,NA,NA,1,NA,1
716,2012,1,20,4,2,1,110,0,0,NA,NA,NA,1,NA,1
716,2012,1,20,11,1,1,120,3,330,NA,NA,NA,1,NA,1
716,2012,1,20,32,1,2,212,1,100,NA,NA,NA,1,NA,1
716,2012,1,20,31,1,2,221,1,100,NA,NA,NA,1,NA,1
716,2012,1,20,18,2,2,221,3,310,NA,NA,NA,1,NA,1
716,2012,2,20,52,1,1,120,1,100,NA,NA,NA,1,NA,1
716,2012,1,20,40,2,3,322,1,100,NA,NA,NA,1,NA,1
716,2012,2,20,17,2,2,221,3,330,NA,NA,NA,1,NA,1
716,2012,1,20,34,1,2,221,1,100,NA,NA,NA,1,NA,1
716,2012,1,20,3,2,1,110,0,0,NA,NA,NA,1,NA,1
716,2012,2,20,10,2,1,120,3,330,NA,NA,NA,1,NA,1
716,2012,2,20,9,2,1,110,0,0,NA,NA,NA,1,NA,1
716,2012,1,20,27,1,1,110,3,390,NA,NA,NA,1,NA,1
716,2012,1,20,1,1,0,0,0,0,NA,NA,NA,1,NA,1
716,2012,1,20,48,2,1,120,1,100,NA,NA,NA,1,NA,1
716,2012,1,20,10,2,1,120,3,330,NA,NA,NA,1,NA,1
716,2012,2,20,26,2,2,212,1,100,NA,NA,NA,1,NA,1
716,2012,1,20,48,2,2,212,1,100,NA,NA,NA,1,NA,1
716,2012,1,20,79,2,1,110,3,320,NA,NA,NA,4,NA,2
716,2012,1,20,20,2,2,221,1,100,NA,NA,NA,1,NA,1
716,2012,1,20,76,2,1,120,1,100,NA,NA,NA,1,NA,2
716,2012,1,20,9,2,1,120,0,0,NA,NA,NA,1,NA,1
716,2012,1,20,8,1,1,110,0,0,NA,NA,NA,1,NA,1
716,2012,2,20,5,1,0,0,0,0,NA,NA,NA,1,NA,1
716,2012,1,20,4,2,1,110,0,0,NA,NA,NA,1,NA,1
716,2012,1,20,21,1,1,120,1,100,NA,NA,NA,1,NA,1
716,2012,1,20,23,2,2,221,3,310,NA,NA,NA,1,NA,1
716,2012,2,20,14,1,2,212,3,330,NA,NA,NA,1,NA,1
716,2012,2,20,43,1,3,322,1,100,NA,NA,NA,1,NA,1
716,2012,1,20,17,2,2,221,3,330,NA,NA,NA,1,NA,1
716,2012,1,20,0,2,0,0,0,0,NA,NA,NA,1,NA,1
716,2012,1,20,1,2,0,0,0,0,NA,NA,NA,1,NA,1
716,2012,1,20,20,1,1,110,1,100,NA,NA,NA,1,NA,1
716,2012,1,20,74,1,1,120,1,100,NA,NA,NA,1,NA,1
716,2012,1,20,40,2,2,212,3,310,NA,NA,NA,1,NA,1
716,2012,1,20,1,1,0,0,0,0,NA,NA,NA,1,NA,1
716,2012,1,20,40,1,2,221,1,100,NA,NA,NA,1,NA,1
716,2012,1,20,31,2,2,212,1,100,NA,NA,NA,1,NA,1
716,2012,1,20,15,1,2,212,3,330,NA,NA,NA,1,NA,1
716,2012,1,20,2,2,0,0,0,0,NA,NA,NA,1,NA,1
716,2012,2,20,51,1,2,221,1,100,NA,NA,NA,1,NA,1
716,2012,1,20,55,1,2,212,1,100,NA,NA,NA,4,NA,1
716,2012,1,20,47,2,1,120,1,100,NA,NA,NA,1,NA,1
716,2012,1,20,13,2,2,212,3,330,NA,NA,NA,1,NA,1
716,2012,2,20,0,2,0,0,0,0,NA,NA,NA,1,NA,1
716,2012,1,20,2,1,0,0,0,0,NA,NA,NA,1,NA,1
716,2012,2,20,26,2,2,221,1,100,NA,NA,NA,1,NA,1
716,2012,2,20,35,1,2,221,1,100,NA,NA,NA,1,NA,1
716,2012,1,20,10,2,1,120,3,330,NA,NA,NA,1,NA,1
716,2012,1,20,11,1,1,120,3,330,NA,NA,NA,1,NA,1
716,2012,2,20,8,2,1,120,0,0,NA,NA,NA,1,NA,1
716,2012,1,20,18,2,2,212,3,320,NA,NA,NA,1,NA,1
716,2012,1,20,11,1,1,120,3,330,NA,NA,NA,1,NA,1
716,2012,1,20,0,2,0,0,0,0,NA,NA,NA,1,NA,1
716,2012,1,20,10,1,1,120,3,330,NA,NA,NA,1,NA,1
716,2012,1,20,36,2,1,120,1,100,NA,NA,NA,1,NA,1
716,2012,1,20,9,2,1,120,0,0,NA,NA,NA,1,NA,1
716,2012,2,20,42,1,2,221,1,100,NA,NA,NA,1,NA,1
716,2012,1,20,17,1,2,212,3,330,NA,NA,NA,1,NA,1
716,2012,1,20,10,1,1,120,3,330,NA,NA,NA,1,NA,1
740,2012,NA,10,21,1,2,221,1,100,1,1,1,1,1,1
740,2012,NA,10,48,1,2,221,1,100,1,1,1,1,1,2
740,2012,NA,10,53,1,2,221,1,100,1,1,1,1,1,1
740,2012,NA,10,30,2,4,400,1,100,1,1,1,1,1,1
740,2012,NA,10,20,1,3,321,3,330,1,1,1,1,1,1
740,2012,NA,10,1,2,0,0,0,0,1,1,1,1,1,1
740,2012,NA,10,51,1,1,110,1,100,1,1,1,1,1,1
740,2012,NA,10,22,2,2,221,1,100,1,1,1,1,1,1
740,2012,NA,10,1,2,0,0,0,0,1,1,1,1,1,1
740,2012,NA,10,31,1,3,322,1,100,1,1,1,1,1,1
740,2012,NA,10,3,2,0,0,0,0,1,1,1,1,1,1
740,2012,NA,10,47,2,2,212,3,310,1,1,1,1,1,1
740,2012,NA,10,76,2,2,212,0,0,3,2,1,1,3,3
740,2012,NA,10,22,1,9,999,3,390,8,8,8,8,8,8
740,2012,NA,10,43,2,2,221,3,310,1,1,1,1,1,1
740,2012,NA,10,45,1,2,221,1,100,1,1,1,1,1,1
740,2012,NA,10,31,2,9,999,3,310,1,1,1,1,1,1
740,2012,NA,10,16,2,2,221,3,330,1,1,1,1,1,1
740,2012,NA,10,35,2,3,322,1,100,1,1,1,1,1,1
740,2012,NA,10,15,1,2,212,3,320,1,1,1,1,1,1
740,2012,NA,10,18,1,2,221,3,330,1,1,1,1,1,1
740,2012,NA,10,81,2,2,212,0,0,1,1,1,1,2,1
740,2012,NA,10,56,1,1,110,2,200,1,1,1,1,2,3
740,2012,NA,10,28,1,2,212,1,100,1,1,1,1,1,1
740,2012,NA,10,11,1,2,212,0,0,1,1,1,1,1,1
740,2012,NA,10,32,2,3,322,1,100,1,1,1,1,1,1
740,2012,NA,10,24,1,9,999,3,390,1,1,1,1,1,1
740,2012,NA,10,45,2,2,212,3,390,1,1,1,1,1,1
740,2012,NA,10,41,2,1,110,1,100,1,1,1,1,1,1
740,2012,NA,10,79,1,1,110,0,0,1,1,1,1,1,1
740,2012,NA,10,28,1,9,999,3,390,8,8,8,8,8,8
740,2012,NA,10,36,2,2,212,1,100,1,1,1,1,1,1
740,2012,NA,10,8,1,1,110,0,0,1,1,1,1,1,1
740,2012,NA,10,16,2,2,221,3,310,1,1,1,1,1,1
740,2012,NA,10,22,1,2,221,1,100,1,1,1,1,1,1
740,2012,NA,10,32,2,2,221,3,310,1,1,1,1,1,1
740,2012,NA,10,80,2,2,212,0,0,1,1,1,1,3,1
740,2012,NA,10,16,2,2,221,3,330,8,8,8,8,8,8
740,2012,NA,10,1,2,0,0,0,0,1,1,1,1,1,1
740,2012,NA,10,35,2,3,322,1,100,1,1,1,1,1,1
740,2012,NA,10,18,2,9,999,3,390,8,8,8,8,8,8
740,2012,NA,10,26,2,2,212,2,200,1,1,1,1,1,1
740,2012,NA,10,16,1,2,212,1,100,1,1,1,1,1,1
740,2012,NA,10,16,1,2,221,3,330,1,1,1,1,1,1
740,2012,NA,10,29,2,2,221,3,310,1,1,1,1,1,1
740,2012,NA,10,46,2,2,221,1,100,1,1,1,1,1,2
740,2012,NA,10,81,2,1,110,0,0,1,1,1,1,1,1
740,2012,NA,10,2,2,0,0,0,0,1,1,1,1,1,1
740,2012,NA,10,5,1,1,110,0,0,1,1,1,1,1,1
740,2012,NA,10,26,2,3,322,1,100,1,1,1,1,1,1
740,2012,NA,10,17,1,9,999,3,390,8,8,8,8,8,8
740,2012,NA,10,48,1,2,212,1,100,1,1,1,1,1,1
740,2012,NA,10,45,2,2,212,1,100,1,1,1,1,1,2
740,2012,NA,10,22,2,2,221,3,310,1,1,1,1,1,1
740,2012,NA,10,1,1,0,0,0,0,1,1,1,1,1,1
740,2012,NA,10,18,1,2,212,2,200,1,1,1,1,1,1
740,2012,NA,10,27,1,9,999,1,100,1,1,1,1,1,1
740,2012,NA,10,51,2,2,212,3,310,1,3,1,1,2,1
740,2012,NA,10,24,1,9,999,1,100,1,1,1,1,1,1
740,2012,NA,10,36,2,2,212,3,390,1,1,1,1,1,1
740,2012,NA,10,18,1,2,221,3,330,1,1,1,1,1,1
740,2012,NA,10,29,2,2,212,3,310,1,1,1,1,1,1
740,2012,NA,10,2,2,0,0,0,0,1,1,1,1,1,1
740,2012,NA,10,14,2,2,221,0,0,1,1,1,1,1,1
740,2012,NA,10,29,2,3,322,1,100,1,1,1,1,1,1
740,2012,NA,10,44,2,2,221,1,100,1,1,1,1,1,1
740,2012,NA,10,16,1,2,212,3,330,1,1,1,1,1,1
740,2012,NA,10,16,2,2,221,3,330,1,1,1,1,1,1
740,2012,NA,10,23,2,3,311,3,330,1,1,1,1,1,1
740,2012,NA,10,29,2,2,221,3,310,1,1,1,1,1,1
740,2012,NA,10,4,2,1,110,0,0,1,1,1,1,1,1
740,2012,NA,10,31,1,2,221,1,100,1,1,1,1,1,1
740,2012,NA,10,3,1,0,0,0,0,1,1,1,1,1,1
740,2012,NA,10,23,1,2,221,1,100,1,1,1,1,1,1
740,2012,NA,10,14,2,2,221,0,0,1,1,1,1,1,1
740,2012,NA,10,68,1,2,221,0,0,1,1,1,1,1,1
740,2012,NA,10,49,2,2,212,2,200,1,1,1,1,1,1
740,2012,NA,10,27,1,2,221,1,100,1,1,1,1,1,1
740,2012,NA,10,24,2,3,311,2,200,1,1,1,1,1,1
740,2012,NA,10,25,1,2,221,1,100,1,1,1,1,1,2
740,2012,NA,10,17,2,3,311,3,330,1,1,1,1,1,1
740,2012,NA,10,16,1,2,221,3,330,1,1,1,1,1,1
740,2012,NA,10,29,1,2,221,1,100,1,1,1,1,1,1
740,2012,NA,10,10,2,2,212,0,0,1,1,1,1,1,1
740,2012,NA,10,25,2,4,400,1,100,1,1,1,1,1,1
740,2012,NA,10,8,1,2,212,0,0,1,1,1,1,1,1
740,2012,NA,10,7,1,1,110,0,0,1,1,1,1,1,1
740,2012,NA,10,55,1,3,321,1,100,1,1,1,1,1,3
740,2012,NA,10,3,2,0,0,0,0,1,1,1,1,1,1
740,2012,NA,10,11,2,2,212,0,0,1,1,1,1,1,1
740,2012,NA,10,48,1,2,221,3,320,1,1,1,1,1,1
740,2012,NA,10,35,2,3,311,1,100,1,2,1,1,1,2
740,2012,NA,10,17,2,2,221,3,330,1,1,1,1,1,1
740,2012,NA,10,21,2,9,999,3,330,1,1,1,1,1,1
740,2012,NA,10,35,1,2,221,1,100,1,1,1,1,1,1
740,2012,NA,10,22,2,2,221,3,310,1,1,1,1,1,1
740,2012,NA,10,48,1,2,221,1,100,1,1,1,1,1,1
740,2012,NA,10,34,2,3,311,3,310,1,1,1,1,1,1
740,2012,NA,10,49,1,2,221,2,200,1,1,1,1,1,1
740,2012,NA,10,25,1,3,311,1,100,1,1,1,1,1,1
780,2011,NA,11.4,4,1,1,110,0,0,NA,1,1,1,1,1
780,2011,NA,11.4,23,2,3,322,1,110,NA,1,1,1,1,1
780,2011,NA,11.4,19,1,2,221,1,110,NA,1,1,1,1,1
780,2011,NA,11.4,56,1,2,212,3,390,NA,1,1,1,1,1
780,2011,NA,11.4,6,2,1,120,0,0,NA,1,1,1,1,1
780,2011,NA,11.4,8,1,1,120,0,0,NA,1,1,1,1,1
780,2011,NA,11.4,12,2,2,221,0,0,NA,1,1,1,1,1
780,2011,NA,11.4,60,1,1,120,1,110,NA,1,1,1,1,1
780,2011,NA,11.4,35,1,3,311,1,110,NA,1,1,1,1,1
780,2011,NA,11.4,19,2,3,311,1,110,NA,1,1,1,1,1
780,2011,NA,11.4,55,2,2,212,3,310,NA,1,1,1,1,1
780,2011,NA,11.4,6,2,1,110,0,0,NA,9,4,9,4,9
780,2011,NA,11.4,59,2,3,311,3,344,NA,1,1,1,1,1
780,2011,NA,11.4,38,1,3,312,1,110,NA,1,1,1,1,1
780,2011,NA,11.4,8,1,1,120,0,0,NA,1,1,1,1,1
780,2011,NA,11.4,75,1,2,212,3,344,NA,1,1,1,1,1
780,2011,NA,11.4,29,1,1,120,1,110,NA,1,1,1,1,1
780,2011,NA,11.4,62,1,3,311,3,344,NA,1,1,1,1,1
780,2011,NA,11.4,9,1,1,110,0,0,NA,1,1,1,1,1
780,2011,NA,11.4,74,2,2,212,3,345,NA,1,1,1,1,1
780,2011,NA,11.4,2,2,1,110,0,0,NA,1,1,1,1,1
780,2011,NA,11.4,37,2,4,400,9,999,NA,8,8,8,8,8
780,2011,NA,11.4,6,2,1,120,0,0,NA,1,1,1,1,1
780,2011,NA,11.4,19,2,2,221,1,110,NA,1,1,1,1,1
780,2011,NA,11.4,23,2,3,322,1,110,NA,1,1,1,1,1
780,2011,NA,11.4,28,1,2,212,1,110,NA,1,1,1,1,1
780,2011,NA,11.4,29,1,3,311,1,110,NA,1,1,1,1,1
780,2011,NA,11.4,46,1,2,212,1,110,NA,1,1,1,1,1
780,2011,NA,11.4,88,2,3,322,3,344,NA,1,1,1,1,1
780,2011,NA,11.4,45,2,3,311,1,110,NA,1,1,1,1,1
780,2011,NA,11.4,50,2,4,400,1,110,NA,1,1,1,1,1
780,2011,NA,11.4,29,1,3,311,1,110,NA,1,1,1,1,1
780,2011,NA,11.4,24,1,3,311,2,210,NA,1,1,1,1,1
780,2011,NA,11.4,0,1,1,110,0,0,NA,1,1,1,1,1
780,2011,NA,11.4,25,2,3,311,3,310,NA,1,1,1,1,1
780,2011,NA,11.4,68,1,1,120,1,110,NA,1,1,1,1,1
780,2011,NA,11.4,999,2,0,0,0,0,NA,9,9,9,9,9
780,2011,NA,11.4,2,1,1,110,0,0,NA,1,1,1,1,1
780,2011,NA,11.4,1,1,1,110,0,0,NA,1,1,1,1,1
780,2011,NA,11.4,23,1,3,311,1,110,NA,1,1,1,1,1
780,2011,NA,11.4,65,2,2,212,1,110,NA,1,1,1,1,1
780,2011,NA,11.4,49,2,3,322,1,110,NA,1,1,1,1,1
780,2011,NA,11.4,24,2,0,0,0,0,NA,9,9,9,9,9
780,2011,NA,11.4,13,2,2,221,0,0,NA,1,1,1,1,1
780,2011,NA,11.4,19,1,2,221,1,110,NA,1,1,1,1,1
780,2011,NA,11.4,8,2,1,120,0,0,NA,1,1,1,1,1
780,2011,NA,11.4,15,2,2,221,3,330,NA,1,1,1,1,1
780,2011,NA,11.4,30,1,3,311,1,110,NA,1,1,1,1,1
780,2011,NA,11.4,52,1,2,212,1,110,NA,1,1,1,1,1
780,2011,NA,11.4,42,1,3,322,1,110,NA,9,9,9,9,3
780,2011,NA,11.4,15,2,2,221,3,330,NA,1,1,1,1,1
780,2011,NA,11.4,56,2,3,322,3,344,NA,9,9,9,3,9
780,2011,NA,11.4,22,2,3,311,1,110,NA,1,1,1,1,1
780,2011,NA,11.4,40,2,2,212,1,110,NA,1,1,1,1,1
780,2011,NA,11.4,19,2,3,322,3,330,NA,1,1,1,1,1
780,2011,NA,11.4,30,2,2,221,3,310,NA,9,9,9,2,3
780,2011,NA,11.4,42,1,3,312,1,110,NA,1,1,1,1,1
780,2011,NA,11.4,33,1,2,212,9,999,NA,8,8,8,8,8
780,2011,NA,11.4,72,2,2,212,3,345,NA,1,1,1,1,1
780,2011,NA,11.4,65,1,2,212,1,110,NA,1,1,1,1,1
780,2011,NA,11.4,32,2,3,311,1,110,NA,1,1,1,1,1
780,2011,NA,11.4,93,2,9,999,3,345,NA,1,1,1,1,1
780,2011,NA,11.4,24,1,3,311,1,110,NA,1,1,1,1,1
780,2011,NA,11.4,65,1,2,212,3,344,NA,1,1,1,1,1
780,2011,NA,11.4,64,1,1,120,3,344,NA,9,9,9,9,2
780,2011,NA,11.4,31,1,3,311,1,110,NA,8,8,8,8,8
780,2011,NA,11.4,50,1,3,311,1,110,NA,1,1,1,1,1
780,2011,NA,11.4,27,1,2,221,1,110,NA,1,1,1,1,1
780,2011,NA,11.4,11,1,2,212,0,0,NA,1,1,1,1,1
780,2011,NA,11.4,30,2,3,311,1,110,NA,1,1,1,1,1
780,2011,NA,11.4,6,2,1,120,0,0,NA,1,1,1,1,1
780,2011,NA,11.4,6,1,1,120,0,0,NA,8,8,8,8,8
780,2011,NA,11.4,21,2,3,312,3,330,NA,1,1,1,1,1
780,2011,NA,11.4,7,1,1,120,0,0,NA,1,1,1,1,1
780,2011,NA,11.4,53,2,3,312,3,310,NA,1,1,1,1,1
780,2011,NA,11.4,1,1,1,110,0,0,NA,1,1,1,1,1
780,2011,NA,11.4,36,1,3,311,2,240,NA,1,1,1,1,1
780,2011,NA,11.4,54,1,4,400,1,110,NA,1,1,1,1,1
780,2011,NA,11.4,5,2,1,120,0,0,NA,1,1,1,1,1
780,2011,NA,11.4,42,1,1,120,9,999,NA,8,8,8,8,8
780,2011,NA,11.4,44,2,3,311,1,110,NA,1,1,1,1,1
780,2011,NA,11.4,37,2,2,221,3,310,NA,1,1,1,1,1
780,2011,NA,11.4,16,1,2,221,3,390,NA,1,1,1,1,1
780,2011,NA,11.4,35,1,2,221,1,110,NA,1,1,1,1,1
780,2011,NA,11.4,30,1,3,322,1,110,NA,1,1,1,1,1
780,2011,NA,11.4,75,2,2,212,3,345,NA,1,1,1,1,1
780,2011,NA,11.4,30,1,3,312,1,110,NA,1,1,1,1,1
780,2011,NA,11.4,17,1,3,311,3,330,NA,1,1,1,1,1
780,2011,NA,11.4,2,2,1,110,0,0,NA,1,1,1,1,1
780,2011,NA,11.4,66,2,2,212,3,310,NA,1,1,1,1,1
780,2011,NA,11.4,21,1,2,212,1,110,NA,1,1,1,1,1
780,2011,NA,11.4,21,2,3,311,1,110,NA,1,1,1,1,1
780,2011,NA,11.4,7,1,1,120,0,0,NA,1,1,1,1,1
780,2011,NA,11.4,25,1,3,311,1,110,NA,1,1,1,1,1
780,2011,NA,11.4,8,1,1,120,0,0,NA,1,1,1,1,1
780,2011,NA,11.4,54,2,2,212,1,110,NA,1,1,1,1,1
780,2011,NA,11.4,78,2,1,110,3,345,NA,9,9,9,2,9
780,2011,NA,11.4,56,1,2,212,1,110,NA,1,1,1,1,1
780,2011,NA,11.4,10,1,1,120,0,0,NA,1,1,1,1,1
780,2011,NA,11.4,23,2,3,322,1,110,NA,1,1,1,1,1
800,2014,2,10,42,1,1,120,1,100,NA,1,NA,1,1,1
800,2014,1,10,12,1,1,120,3,330,NA,1,NA,1,1,1
800,2014,1,10,8,2,1,120,0,0,NA,1,NA,1,1,1
800,2014,1,10,28,2,1,110,3,310,NA,1,NA,1,1,1
800,2014,1,10,20,2,1,110,1,100,NA,1,NA,1,1,1
800,2014,1,10,23,1,2,212,2,200,NA,1,NA,1,1,1
800,2014,1,10,49,1,1,120,1,100,NA,1,NA,1,2,2
800,2014,1,10,20,1,2,212,1,100,NA,1,NA,1,1,1
800,2014,1,10,33,2,1,110,1,100,NA,1,NA,1,1,1
800,2014,1,10,24,2,2,212,1,100,NA,1,NA,1,1,1
800,2014,1,10,13,1,2,212,3,330,NA,1,NA,1,1,1
800,2014,1,10,32,1,3,311,3,390,NA,1,NA,1,1,1
800,2014,1,10,1,1,0,0,0,0,NA,9,NA,9,9,9
800,2014,1,10,40,2,1,120,1,100,NA,1,NA,1,1,1
800,2014,2,10,8,1,1,110,0,0,NA,2,NA,1,1,1
800,2014,1,10,20,2,2,212,1,100,NA,1,NA,1,1,2
800,2014,1,10,16,1,2,212,1,100,NA,1,NA,1,1,1
800,2014,2,10,10,1,1,120,1,100,NA,1,NA,1,1,1
800,2014,1,10,18,1,2,212,1,100,NA,1,NA,1,1,1
800,2014,1,10,2,1,0,0,0,0,NA,1,NA,1,1,1
800,2014,1,10,12,1,1,120,3,330,NA,1,NA,1,1,1
800,2014,2,10,35,1,2,212,1,100,NA,1,NA,1,1,1
800,2014,1,10,21,2,2,221,3,310,NA,1,NA,1,1,1
800,2014,2,10,2,2,0,0,0,0,NA,1,NA,1,1,1
800,2014,1,10,18,2,2,221,3,330,NA,1,NA,1,1,1
800,2014,1,10,6,1,1,110,0,0,NA,1,NA,1,1,1
800,2014,1,10,3,1,1,110,0,0,NA,1,NA,1,1,1
800,2014,2,10,28,1,2,221,3,390,NA,1,NA,1,1,1
800,2014,2,10,2,2,0,0,0,0,NA,1,NA,1,1,1
800,2014,1,10,24,1,2,212,1,100,NA,1,NA,1,1,1
800,2014,1,10,13,2,1,120,3,330,NA,1,NA,1,1,1
800,2014,1,10,6,1,1,110,0,0,NA,1,NA,1,1,1
800,2014,1,10,0,1,0,0,0,0,NA,9,NA,9,9,9
800,2014,1,10,13,2,1,120,1,100,NA,1,NA,1,1,1
800,2014,2,10,35,1,4,400,1,100,NA,1,NA,1,1,1
800,2014,1,10,95,1,2,221,1,100,NA,1,NA,1,1,1
800,2014,1,10,17,2,2,212,3,330,NA,2,NA,1,1,1
800,2014,2,10,23,2,3,311,3,310,NA,1,NA,1,1,1
800,2014,2,10,33,1,1,110,1,100,NA,1,NA,1,1,1
800,2014,2,10,20,2,2,221,1,100,NA,1,NA,1,1,1
800,2014,1,10,45,1,2,212,1,100,NA,1,NA,1,1,1
800,2014,1,10,55,1,1,110,1,100,NA,1,NA,1,1,1
800,2014,2,10,30,1,3,311,1,100,NA,1,NA,1,1,1
800,2014,1,10,37,1,2,212,1,100,NA,1,NA,1,1,1
800,2014,1,10,6,2,1,110,0,0,NA,1,NA,1,1,1
800,2014,1,10,0,1,0,0,0,0,NA,9,NA,9,9,9
800,2014,2,10,19,1,2,221,3,330,NA,1,NA,1,1,1
800,2014,1,10,0,2,0,0,0,0,NA,9,NA,9,9,9
800,2014,1,10,8,1,1,120,0,0,NA,1,NA,1,1,1
800,2014,1,10,23,1,1,120,1,100,NA,1,NA,1,1,2
800,2014,1,10,11,1,1,120,3,330,NA,1,NA,1,1,1
800,2014,2,10,14,2,2,212,3,330,NA,1,NA,1,1,1
800,2014,2,10,19,1,2,221,3,390,NA,1,NA,1,1,1
800,2014,1,10,16,2,1,120,1,100,NA,1,NA,1,1,1
800,2014,1,10,14,1,1,120,1,100,NA,1,NA,1,1,1
800,2014,1,10,5,2,1,110,0,0,NA,1,NA,1,1,1
800,2014,2,10,65,2,2,212,1,100,NA,1,NA,1,2,2
800,2014,1,10,1,1,0,0,0,0,NA,9,NA,9,9,9
800,2014,2,10,18,1,2,212,3,330,NA,1,NA,1,1,1
800,2014,2,10,28,1,2,212,1,100,NA,1,NA,1,1,1
800,2014,2,10,33,2,1,110,3,390,NA,2,NA,1,1,1
800,2014,2,10,31,1,1,120,1,100,NA,1,NA,1,1,1
800,2014,1,10,10,2,1,110,1,100,NA,1,NA,1,1,1
800,2014,1,10,51,2,1,120,1,100,NA,1,NA,2,1,2
800,2014,1,10,54,2,1,110,1,100,NA,1,NA,1,1,1
800,2014,1,10,0,2,0,0,0,0,NA,9,NA,9,9,9
800,2014,1,10,5,2,1,110,0,0,NA,1,NA,1,1,1
800,2014,2,10,24,2,3,322,3,390,NA,1,NA,1,1,1
800,2014,2,10,1,1,0,0,0,0,NA,9,NA,9,9,9
800,2014,2,10,22,2,3,311,1,100,NA,1,NA,1,1,1
800,2014,1,10,1,2,0,0,0,0,NA,9,NA,9,9,9
800,2014,1,10,6,1,1,110,0,0,NA,1,NA,1,1,1
800,2014,1,10,20,1,2,221,1,100,NA,1,NA,1,1,1
800,2014,1,10,5,2,1,110,0,0,NA,1,NA,1,1,1
800,2014,1,10,18,1,2,212,1,100,NA,1,NA,1,1,1
800,2014,1,10,33,1,2,212,1,100,NA,1,NA,1,1,1
800,2014,1,10,11,2,1,120,3,310,NA,1,NA,1,1,1
800,2014,1,10,11,2,1,120,3,330,NA,1,NA,1,1,1
800,2014,1,10,60,2,1,110,1,100,NA,1,NA,2,2,1
800,2014,1,10,10,2,1,110,3,330,NA,1,NA,1,1,1
800,2014,1,10,5,2,1,110,0,0,NA,1,NA,1,1,1
800,2014,2,10,80,2,1,110,3,350,NA,3,NA,3,3,3
800,2014,2,10,47,2,1,120,1,100,NA,1,NA,1,1,1
800,2014,1,10,4,2,1,110,0,0,NA,1,NA,1,1,1
800,2014,1,10,3,1,1,110,0,0,NA,1,NA,1,1,1
800,2014,2,10,27,2,2,221,1,100,NA,1,NA,1,1,1
800,2014,1,10,25,1,2,212,1,100,NA,2,NA,2,2,2
800,2014,1,10,16,1,1,120,3,310,NA,1,NA,1,1,1
800,2014,1,10,0,1,0,0,0,0,NA,9,NA,9,9,9
800,2014,1,10,2,2,0,0,0,0,NA,1,NA,1,1,1
800,2014,1,10,9,1,1,120,0,0,NA,1,NA,1,1,1
800,2014,1,10,35,2,2,212,1,100,NA,1,NA,1,1,1
800,2014,1,10,43,2,1,120,1,100,NA,1,NA,1,1,1
800,2014,2,10,9,1,1,120,0,0,NA,1,NA,1,1,1
800,2014,1,10,23,2,2,212,3,390,NA,1,NA,1,1,1
800,2014,1,10,38,2,1,120,3,310,NA,1,NA,1,1,1
800,2014,1,10,32,1,1,120,1,100,NA,1,NA,1,1,1
800,2014,2,10,20,2,2,221,3,330,NA,1,NA,1,1,1
800,2014,1,10,6,1,1,110,0,0,NA,1,NA,1,1,1
800,2014,1,10,18,1,2,212,1,100,NA,2,NA,1,1,1
834,2012,1,8.7,4,2,1,110,0,0,1,1,NA,1,1,1
834,2012,1,8.21,25,2,4,400,1,110,1,1,NA,1,1,1
834,2012,2,6.4,66,1,1,120,1,110,1,1,NA,1,1,1
834,2012,2,7.86,44,1,3,311,1,110,1,1,NA,1,1,1
834,2012,1,8.89,60,2,1,110,3,310,1,1,NA,1,1,1
834,2012,2,7.69,3,2,0,0,0,0,1,1,NA,1,1,1
834,2012,1,10.54,10,2,1,120,3,330,1,2,NA,1,1,1
834,2012,1,8.79,7,2,1,110,3,320,1,1,NA,1,1,1
834,2012,1,10.76,70,1,2,212,1,110,1,1,NA,1,1,1
834,2012,1,8.89,40,1,2,212,1,110,1,1,NA,1,1,1
834,2012,1,7.45,15,1,2,212,3,330,1,1,NA,1,1,1
834,2012,1,11.63,4,1,1,110,0,0,1,1,NA,1,1,1
834,2012,1,11.38,12,1,2,212,1,110,1,1,NA,1,1,1
834,2012,1,8.09,69,2,1,120,1,110,1,1,NA,1,1,1
834,2012,2,7.12,19,2,2,221,3,330,1,1,NA,1,1,1
834,2012,1,7.33,59,1,1,120,1,110,1,1,NA,1,1,1
834,2012,1,8.81,3,1,0,0,0,0,1,1,NA,1,1,1
834,2012,2,10.99,17,1,2,221,3,330,1,1,NA,1,1,1
834,2012,2,6.83,30,2,2,212,1,110,1,1,NA,1,1,1
834,2012,2,7.31,33,2,2,212,1,110,1,1,NA,1,1,1
834,2012,1,7.13,7,2,1,110,3,320,1,1,NA,1,1,1
834,2012,1,7.54,14,2,2,212,3,330,1,1,NA,1,1,1
834,2012,1,8.86,8,2,1,120,3,330,1,1,NA,1,1,1
834,2012,1,8.5,7,2,1,110,3,320,1,1,NA,1,1,1
834,2012,1,9.63,1,1,0,0,0,0,1,1,NA,1,1,1
834,2012,1,13.67,70,2,1,110,1,110,1,1,NA,1,1,1
834,2012,1,6.92,0,2,0,0,0,0,1,1,NA,1,1,1
834,2012,1,6.96,32,2,2,212,1,110,1,1,NA,1,1,1
834,2012,1,8.77,10,2,1,120,3,330,1,1,NA,1,1,1
834,2012,1,8.49,2,1,0,0,0,0,1,1,NA,1,1,1
834,2012,1,9.06,7,1,1,110,3,320,1,1,NA,1,1,1
834,2012,1,7.4,37,2,2,212,1,110,1,1,NA,1,1,1
834,2012,1,8.72,1,2,0,0,0,0,1,1,NA,1,1,1
834,2012,2,8.53,0,2,0,0,0,0,1,1,NA,1,1,1
834,2012,2,8.58,2,2,0,0,0,0,1,1,NA,1,1,1
834,2012,1,6.96,15,2,2,212,1,110,1,1,NA,1,1,1
834,2012,2,8.54,28,1,3,311,1,110,1,1,NA,1,1,1
834,2012,1,7.85,0,1,0,0,0,0,1,1,NA,1,1,1
834,2012,1,6.07,12,2,1,120,3,310,1,1,NA,1,1,1
834,2012,1,8.27,36,2,1,110,1,110,1,1,NA,1,1,1
834,2012,1,11.68,1,2,0,0,0,0,1,1,NA,1,1,1
834,2012,1,9.04,8,2,1,120,3,330,1,1,NA,1,1,1
834,2012,2,7.46,15,1,2,221,3,330,1,1,NA,1,1,1
834,2012,1,11.4,12,2,1,120,3,330,1,1,NA,1,1,1
834,2012,2,11.39,29,2,3,311,3,310,1,1,NA,1,1,1
834,2012,1,15.43,68,2,1,120,3,320,1,1,NA,1,1,2
834,2012,1,11.78,22,1,3,311,3,310,1,1,NA,1,1,1
834,2012,2,8.62,5,1,1,110,3,320,1,1,NA,1,1,1
834,2012,1,8.46,76,1,1,110,1,110,1,1,NA,1,1,1
834,2012,2,13.37,17,2,1,110,1,110,1,1,NA,1,1,1
834,2012,1,10.82,10,2,1,120,3,310,1,1,NA,1,1,1
834,2012,2,7.09,11,1,1,120,3,330,1,1,NA,1,1,1
834,2012,1,9.06,8,1,1,120,3,330,1,1,NA,1,1,1
834,2012,1,11.91,14,1,2,212,3,330,1,1,NA,1,1,1
834,2012,1,11.34,19,1,2,212,3,310,1,1,NA,1,1,1
834,2012,1,8.26,24,2,2,212,3,310,1,1,NA,1,1,1
834,2012,1,11.3,23,1,1,110,1,110,1,1,NA,1,1,1
834,2012,1,7.25,21,1,1,120,1,110,1,1,NA,1,1,1
834,2012,1,7.56,8,1,1,120,3,330,1,1,NA,1,1,1
834,2012,1,7.71,9,1,1,120,3,320,1,1,NA,1,1,1
834,2012,1,11.26,6,1,1,110,3,320,1,1,NA,1,1,1
834,2012,1,8.53,19,1,2,221,3,330,1,1,NA,1,1,1
834,2012,1,10.75,66,1,1,110,1,110,1,1,NA,1,1,3
834,2012,1,6.75,22,2,1,110,1,110,1,1,NA,1,1,1
834,2012,2,7.01,23,1,2,212,3,320,1,1,NA,1,1,1
834,2012,2,8.59,13,1,1,120,3,330,1,1,NA,1,1,1
834,2012,2,8.37,15,2,2,212,3,310,1,1,NA,1,1,1
834,2012,1,9.28,3,1,0,0,0,0,4,1,NA,1,4,1
834,2012,1,8.35,38,1,2,212,3,310,1,1,NA,1,1,1
834,2012,1,6.98,11,2,1,110,3,310,1,1,NA,1,1,1
834,2012,2,12.18,5,1,1,110,3,320,1,1,NA,1,1,1
834,2012,1,10.03,11,2,1,120,3,330,1,1,NA,1,1,1
834,2012,1,6.91,23,2,2,212,1,110,1,1,NA,1,1,1
834,2012,2,9.14,9,2,1,120,3,320,1,1,NA,1,1,1
834,2012,2,7.42,7,1,1,120,3,330,1,1,NA,1,1,1
834,2012,1,7.09,44,2,1,110,3,310,1,1,NA,1,1,1
834,2012,1,11.63,50,2,1,110,1,110,1,1,NA,1,1,1
834,2012,1,6.93,37,2,2,212,1,110,1,1,NA,1,1,1
834,2012,1,10.57,78,2,1,110,1,110,1,1,NA,1,1,1
834,2012,1,7.1,3,1,0,0,0,0,1,1,NA,1,1,1
834,2012,2,9.08,8,1,1,120,3,330,1,1,NA,1,1,1
834,2012,1,7,0,1,0,0,0,0,1,1,NA,1,1,1
834,2012,2,9.6,5,2,1,110,3,320,1,1,NA,1,1,1
834,2012,1,11.03,40,2,1,110,3,310,1,1,NA,1,1,1
834,2012,1,7.65,10,2,1,120,3,330,1,1,NA,1,1,1
834,2012,2,11.28,54,1,2,212,3,310,1,1,NA,1,1,1
834,2012,1,8.59,32,1,2,212,1,110,1,1,NA,1,1,1
834,2012,2,14.38,9,1,1,120,3,320,1,1,NA,1,1,1
834,2012,2,8.77,16,2,2,221,3,330,1,1,NA,1,1,1
834,2012,1,10.54,7,2,1,120,3,320,1,1,NA,1,1,1
834,2012,2,7.66,2,1,0,0,0,0,1,1,NA,1,1,1
834,2012,2,8.84,30,2,1,110,1,110,1,1,NA,1,1,1
834,2012,1,10.94,7,2,1,120,3,330,1,1,NA,1,1,1
834,2012,1,7.18,25,2,3,311,1,110,1,1,NA,1,1,1
834,2012,1,9.14,9,2,1,110,3,320,1,1,NA,1,1,1
834,2012,1,8.56,11,1,1,120,3,330,1,1,NA,1,1,1
834,2012,1,10.98,0,2,0,0,0,0,1,1,NA,1,1,1
834,2012,1,8,5,1,1,110,1,110,1,1,NA,1,1,1
834,2012,1,10.5,9,2,1,120,3,330,1,1,NA,1,1,1
834,2012,1,14.65,43,1,2,212,1,110,1,1,NA,1,1,1
858,2011,NA,10,3,1,0,0,0,0,NA,8,NA,1,1,1
858,2011,NA,10,64,2,2,212,3,343,NA,1,NA,1,3,1
858,2011,NA,10,60,1,2,221,1,100,NA,1,NA,1,1,1
858,2011,NA,10,24,1,2,221,2,210,NA,1,NA,1,1,1
858,2011,NA,10,38,1,2,221,1,100,NA,1,NA,1,1,1
858,2011,NA,10,50,1,3,311,1,100,NA,1,NA,1,1,1
858,2011,NA,10,80,2,2,212,3,343,NA,1,NA,1,1,1
858,2011,NA,10,17,1,2,221,3,390,NA,1,NA,1,1,1
858,2011,NA,10,2,1,0,0,0,0,NA,8,NA,1,1,1
858,2011,NA,10,32,2,2,212,9,999,NA,8,NA,8,8,8
858,2011,NA,10,62,2,2,221,3,390,NA,1,NA,1,1,1
858,2011,NA,10,83,2,2,212,3,343,NA,1,NA,1,2,1
858,2011,NA,10,41,1,2,212,1,100,NA,1,NA,1,1,1
858,2011,NA,10,25,2,1,120,3,343,NA,2,NA,1,1,1
858,2011,NA,10,55,1,2,212,1,100,NA,1,NA,1,1,1
858,2011,NA,10,12,2,1,120,3,390,NA,1,NA,1,1,1
858,2011,NA,10,70,2,2,212,3,343,NA,1,NA,1,1,1
858,2011,NA,10,80,2,2,221,3,343,NA,1,NA,1,2,2
858,2011,NA,10,55,1,2,212,3,343,NA,1,NA,1,1,1
858,2011,NA,10,38,1,2,212,1,100,NA,1,NA,1,1,1
858,2011,NA,10,15,2,2,212,3,390,NA,1,NA,1,1,1
858,2011,NA,10,23,1,3,322,3,390,NA,1,NA,1,1,1
858,2011,NA,10,12,2,1,120,3,343,NA,4,NA,1,4,1
858,2011,NA,10,29,1,4,400,1,100,NA,1,NA,1,1,1
858,2011,NA,10,13,1,2,212,3,390,NA,1,NA,1,1,1
858,2011,NA,10,59,2,1,120,3,390,NA,1,NA,1,2,1
858,2011,NA,10,2,1,0,0,0,0,NA,8,NA,1,1,1
858,2011,NA,10,79,1,2,221,3,343,NA,1,NA,1,1,2
858,2011,NA,10,52,1,3,322,1,100,NA,1,NA,1,1,1
858,2011,NA,10,58,2,2,212,3,390,NA,1,NA,1,1,1
858,2011,NA,10,19,1,3,312,3,390,NA,1,NA,1,1,1
858,2011,NA,10,24,1,2,221,1,100,NA,1,NA,1,1,1
858,2011,NA,10,46,2,2,212,1,100,NA,1,NA,1,1,1
858,2011,NA,10,57,2,3,322,1,100,NA,1,NA,1,1,1
858,2011,NA,10,24,1,3,311,3,390,NA,1,NA,1,1,1
858,2011,NA,10,19,2,3,311,3,390,NA,1,NA,1,1,1
858,2011,NA,10,52,2,2,221,1,100,NA,1,NA,1,1,1
858,2011,NA,10,58,1,3,311,1,100,NA,1,NA,1,3,1
858,2011,NA,10,4,1,1,110,0,0,NA,8,NA,1,1,1
858,2011,NA,10,76,2,2,221,3,390,NA,1,NA,1,1,1
858,2011,NA,10,77,2,2,212,3,343,NA,1,NA,1,1,1
858,2011,NA,10,23,1,2,212,1,100,NA,1,NA,1,1,1
858,2011,NA,10,44,2,1,120,9,999,NA,8,NA,8,8,8
858,2011,NA,10,71,1,2,221,1,100,NA,1,NA,1,1,1
858,2011,NA,10,7,2,1,120,0,0,NA,1,NA,1,1,1
858,2011,NA,10,13,1,1,120,3,390,NA,1,NA,1,1,1
858,2011,NA,10,67,2,1,120,3,343,NA,1,NA,1,1,1
858,2011,NA,10,50,2,2,212,1,100,NA,1,NA,1,1,1
858,2011,NA,10,26,2,3,312,3,390,NA,1,NA,1,1,1
858,2011,NA,10,12,1,1,120,3,390,NA,1,NA,1,1,1
858,2011,NA,10,8,2,1,120,0,0,NA,1,NA,1,1,1
858,2011,NA,10,10,2,1,120,0,0,NA,1,NA,1,1,1
858,2011,NA,10,35,2,2,212,1,100,NA,1,NA,1,1,1
858,2011,NA,10,73,1,2,212,3,343,NA,1,NA,1,1,1
858,2011,NA,10,26,2,2,212,2,220,NA,1,NA,1,1,1
858,2011,NA,10,4,1,1,110,0,0,NA,8,NA,1,4,1
858,2011,NA,10,33,1,3,311,1,100,NA,1,NA,1,1,1
858,2011,NA,10,35,2,2,212,2,210,NA,1,NA,1,1,1
858,2011,NA,10,48,1,2,212,1,100,NA,1,NA,1,1,1
858,2011,NA,10,17,1,2,212,3,390,NA,1,NA,1,1,1
858,2011,NA,10,68,1,3,311,1,100,NA,1,NA,1,1,1
858,2011,NA,10,24,1,2,212,1,100,NA,1,NA,1,1,1
858,2011,NA,10,50,2,3,322,1,100,NA,1,NA,1,1,1
858,2011,NA,10,20,2,2,221,1,100,NA,1,NA,1,1,1
858,2011,NA,10,31,1,3,312,1,100,NA,1,NA,1,1,1
858,2011,NA,10,16,2,2,212,3,390,NA,1,NA,1,1,1
858,2011,NA,10,38,1,4,400,1,100,NA,1,NA,1,1,1
858,2011,NA,10,38,2,4,400,1,100,NA,1,NA,1,1,1
858,2011,NA,10,35,2,2,212,1,100,NA,1,NA,1,1,1
858,2011,NA,10,2,2,0,0,0,0,NA,8,NA,1,1,1
858,2011,NA,10,17,1,2,212,2,220,NA,2,NA,1,1,1
858,2011,NA,10,4,1,1,110,0,0,NA,8,NA,1,1,1
858,2011,NA,10,57,1,2,212,2,210,NA,1,NA,1,1,1
858,2011,NA,10,17,2,2,221,3,390,NA,1,NA,1,1,1
858,2011,NA,10,88,1,2,212,3,343,NA,1,NA,3,1,2
858,2011,NA,10,60,1,2,221,1,100,NA,1,NA,1,1,2
858,2011,NA,10,62,1,2,212,3,343,NA,1,NA,1,1,1
858,2011,NA,10,63,1,1,120,1,100,NA,1,NA,1,1,1
858,2011,NA,10,4,2,1,110,0,0,NA,8,NA,1,1,1
858,2011,NA,10,52,1,4,400,1,100,NA,1,NA,1,1,1
858,2011,NA,10,0,2,0,0,0,0,NA,8,NA,1,8,1
858,2011,NA,10,3,2,0,0,0,0,NA,8,NA,1,1,1
858,2011,NA,10,47,1,2,212,1,100,NA,1,NA,2,1,2
858,2011,NA,10,34,2,4,400,1,100,NA,1,NA,1,1,1
858,2011,NA,10,50,2,2,221,1,100,NA,1,NA,1,1,1
858,2011,NA,10,13,1,2,212,3,390,NA,1,NA,1,1,1
858,2011,NA,10,6,2,1,120,0,0,NA,1,NA,1,1,1
858,2011,NA,10,33,2,2,221,1,100,NA,1,NA,1,1,1
858,2011,NA,10,52,2,2,221,3,390,NA,1,NA,1,1,1
858,2011,NA,10,45,2,2,221,9,999,NA,8,NA,8,8,8
858,2011,NA,10,31,2,4,400,1,100,NA,1,NA,1,1,1
858,2011,NA,10,22,2,3,312,1,100,NA,1,NA,1,1,1
858,2011,NA,10,18,1,2,212,1,100,NA,1,NA,1,1,1
858,2011,NA,10,13,1,1,120,3,390,NA,2,NA,1,1,1
858,2011,NA,10,21,2,1,120,9,999,NA,8,NA,8,8,8
858,2011,NA,10,43,2,3,311,3,343,NA,1,NA,1,1,1
858,2011,NA,10,35,2,3,312,1,100,NA,1,NA,1,1,1
858,2011,NA,10,10,2,1,120,0,0,NA,1,NA,1,1,1
858,2011,NA,10,74,1,2,221,3,343,NA,1,NA,1,1,1
858,2011,NA,10,76,2,2,221,3,343,NA,1,NA,1,1,2
894,2000,2,10,26,1,1,110,1,110,NA,NA,NA,1,NA,1
894,2000,1,10,68,1,1,110,1,117,NA,NA,NA,1,NA,1
894,2000,1,10,12,2,1,120,3,390,NA,NA,NA,1,NA,1
894,2000,1,10,32,1,1,110,1,117,NA,NA,NA,1,NA,1
894,2000,2,10,10,1,1,120,0,0,NA,NA,NA,1,NA,1
894,2000,1,10,55,2,1,110,1,110,NA,NA,NA,1,NA,1
894,2000,1,10,28,2,1,120,1,117,NA,NA,NA,1,NA,1
894,2000,1,10,0,2,0,0,0,0,NA,NA,NA,1,NA,1
894,2000,1,10,8,1,1,120,0,0,NA,NA,NA,1,NA,1
894,2000,2,10,25,1,2,221,3,390,NA,NA,NA,1,NA,1
894,2000,1,10,20,1,2,221,1,117,NA,NA,NA,1,NA,1
894,2000,1,10,1,1,0,0,0,0,NA,NA,NA,1,NA,1
894,2000,2,10,12,1,1,120,3,330,NA,NA,NA,1,NA,1
894,2000,1,10,16,1,2,212,3,330,NA,NA,NA,1,NA,1
894,2000,1,10,11,1,1,110,0,0,NA,NA,NA,1,NA,1
894,2000,2,10,42,2,2,212,1,117,NA,NA,NA,1,NA,1
894,2000,2,10,11,2,1,120,0,0,NA,NA,NA,1,NA,1
894,2000,2,10,2,2,0,0,0,0,NA,NA,NA,1,NA,1
894,2000,2,10,45,1,2,212,2,200,NA,NA,NA,1,NA,1
894,2000,2,10,6,1,1,110,0,0,NA,NA,NA,1,NA,1
894,2000,1,10,0,1,0,0,0,0,NA,NA,NA,1,NA,1
894,2000,1,10,42,2,2,212,1,117,NA,NA,NA,1,NA,1
894,2000,1,10,0,2,0,0,0,0,NA,NA,NA,1,NA,1
894,2000,2,10,8,2,1,120,0,0,NA,NA,NA,1,NA,1
894,2000,1,10,2,1,0,0,0,0,NA,NA,NA,1,NA,1
894,2000,1,10,17,2,1,110,1,117,NA,NA,NA,1,NA,1
894,2000,1,10,7,1,1,110,0,0,NA,NA,NA,1,NA,1
894,2000,1,10,2,1,0,0,0,0,NA,NA,NA,1,NA,1
894,2000,1,10,26,2,2,212,1,117,NA,NA,NA,1,NA,1
894,2000,2,10,12,2,1,120,3,330,NA,NA,NA,1,NA,1
894,2000,1,10,0,2,0,0,0,0,NA,NA,NA,1,NA,1
894,2000,1,10,4,1,0,0,0,0,NA,NA,NA,1,NA,1
894,2000,1,10,2,1,0,0,0,0,NA,NA,NA,1,NA,1
894,2000,2,10,26,1,3,311,3,330,NA,NA,NA,1,NA,1
894,2000,2,10,4,1,0,0,0,0,NA,NA,NA,1,NA,1
894,2000,1,10,15,1,1,120,3,390,NA,NA,NA,1,NA,1
894,2000,1,10,1,1,0,0,0,0,NA,NA,NA,1,NA,1
894,2000,2,10,19,2,2,221,3,330,NA,NA,NA,1,NA,1
894,2000,1,10,13,1,2,212,3,330,NA,NA,NA,1,NA,1
894,2000,1,10,29,2,1,110,1,117,NA,NA,NA,1,NA,1
894,2000,2,10,36,1,1,110,1,110,NA,NA,NA,1,NA,1
894,2000,1,10,9,2,1,110,0,0,NA,NA,NA,1,NA,1
894,2000,1,10,8,2,1,110,0,0,NA,NA,NA,1,NA,1
894,2000,2,10,17,1,2,212,3,390,NA,NA,NA,1,NA,1
894,2000,2,10,41,1,3,311,3,390,NA,NA,NA,1,NA,1
894,2000,1,10,5,2,1,110,0,0,NA,NA,NA,1,NA,1
894,2000,2,10,17,2,3,312,3,330,NA,NA,NA,1,NA,1
894,2000,1,10,24,1,3,311,3,390,NA,NA,NA,1,NA,1
894,2000,1,10,5,1,1,110,0,0,NA,NA,NA,1,NA,1
894,2000,2,10,25,1,1,110,1,110,NA,NA,NA,1,NA,1
894,2000,1,10,81,2,1,110,3,390,NA,NA,NA,1,NA,1
894,2000,2,10,24,2,3,311,2,200,NA,NA,NA,1,NA,1
894,2000,1,10,22,1,2,212,1,117,NA,NA,NA,1,NA,1
894,2000,1,10,8,1,1,110,0,0,NA,NA,NA,1,NA,1
894,2000,2,10,6,1,1,110,0,0,NA,NA,NA,1,NA,1
894,2000,2,10,42,1,3,311,1,110,NA,NA,NA,1,NA,1
894,2000,2,10,17,1,2,212,3,390,NA,NA,NA,1,NA,1
894,2000,2,10,15,2,1,120,3,330,NA,NA,NA,1,NA,1
894,2000,1,10,57,2,1,110,3,310,NA,NA,NA,1,NA,1
894,2000,2,10,10,2,1,120,0,0,NA,NA,NA,1,NA,1
894,2000,1,10,38,1,3,311,1,110,NA,NA,NA,1,NA,1
894,2000,2,10,4,2,0,0,0,0,NA,NA,NA,1,NA,1
894,2000,2,10,32,2,4,400,3,310,NA,NA,NA,1,NA,1
894,2000,2,10,26,2,2,221,3,310,NA,NA,NA,1,NA,1
894,2000,1,10,7,2,1,110,0,0,NA,NA,NA,1,NA,1
894,2000,1,10,21,2,1,110,3,390,NA,NA,NA,1,NA,1
894,2000,1,10,13,1,1,120,3,330,NA,NA,NA,1,NA,1
894,2000,2,10,36,1,1,110,3,390,NA,NA,NA,1,NA,1
894,2000,2,10,5,1,1,110,0,0,NA,NA,NA,1,NA,1
894,2000,1,10,38,1,1,120,1,117,NA,NA,NA,1,NA,1
894,2000,1,10,7,2,1,110,0,0,NA,NA,NA,1,NA,1
894,2000,1,10,8,2,1,110,0,0,NA,NA,NA,1,NA,1
894,2000,1,10,3,2,0,0,0,0,NA,NA,NA,1,NA,1
894,2000,2,10,35,1,3,311,1,110,NA,NA,NA,1,NA,1
894,2000,1,10,9,2,1,110,0,0,NA,NA,NA,1,NA,1
894,2000,1,10,54,1,2,221,1,117,NA,NA,NA,1,NA,2
894,2000,1,10,3,1,0,0,0,0,NA,NA,NA,1,NA,1
894,2000,2,10,3,2,0,0,0,0,NA,NA,NA,1,NA,1
894,2000,1,10,12,1,1,110,1,117,NA,NA,NA,1,NA,1
894,2000,2,10,3,1,0,0,0,0,NA,NA,NA,1,NA,1
894,2000,1,10,64,1,1,120,1,110,NA,NA,NA,1,NA,1
894,2000,1,10,4,2,0,0,0,0,NA,NA,NA,1,NA,1
894,2000,1,10,12,2,1,120,3,330,NA,NA,NA,1,NA,1
894,2000,1,10,33,2,2,221,1,117,NA,NA,NA,1,NA,1
894,2000,2,10,7,1,1,120,0,0,NA,NA,NA,1,NA,1
894,2000,1,10,17,1,2,212,3,330,NA,NA,NA,1,NA,1
894,2000,1,10,61,1,2,212,1,110,NA,NA,NA,1,NA,1
894,2000,1,10,26,1,2,221,1,110,NA,NA,NA,1,NA,1
894,2000,2,10,3,2,0,0,0,0,NA,NA,NA,1,NA,1
894,2000,2,10,17,1,2,221,3,330,NA,NA,NA,1,NA,1
894,2000,1,10,1,1,0,0,0,0,NA,NA,NA,1,NA,1
894,2000,2,10,5,1,1,120,0,0,NA,NA,NA,1,NA,1
894,2000,1,10,38,2,1,110,3,390,NA,NA,NA,1,NA,1
894,2000,2,10,5,1,1,120,0,0,NA,NA,NA,1,NA,1
894,2000,2,10,51,1,1,110,2,200,NA,NA,NA,1,NA,1
894,2000,1,10,5,1,1,110,0,0,NA,NA,NA,1,NA,1
894,2000,2,10,45,2,3,322,1,110,NA,NA,NA,1,NA,1
894,2000,1,10,8,1,1,110,0,0,NA,NA,NA,1,NA,1
894,2000,2,10,24,2,1,120,3,310,NA,NA,NA,1,NA,1
894,2000,2,10,16,2,2,221,3,330,NA,NA,NA,1,NA,1
